date,angle_sent,q0_read,q1_read,q2_read,q3_read,q4_read,q5_read
Thu Apr 24 14:50:06 2025,0,-1,11,-1,-1,-1,-1
Thu Apr 24 14:50:06 2025,1,-1,12,-1,-1,-1,-1
Thu Apr 24 14:50:06 2025,2,-1,12,-1,-1,-1,-1
Thu Apr 24 14:50:06 2025,3,-1,12,-1,-1,-1,-1
Thu Apr 24 14:50:06 2025,4,-1,12,-1,-1,-1,-1
Thu Apr 24 14:50:06 2025,5,-1,12,-1,-1,-1,-1
Thu Apr 24 14:50:06 2025,6,-1,11,-1,-1,-1,-1
Thu Apr 24 14:50:06 2025,7,-1,10,-1,-1,-1,-1
Thu Apr 24 14:50:06 2025,8,-1,11,-1,-1,-1,-1
Thu Apr 24 14:50:06 2025,9,-1,10,-1,-1,-1,-1
Thu Apr 24 14:50:06 2025,10,-1,17,-1,-1,-1,-1
Thu Apr 24 14:50:06 2025,11,-1,20,-1,-1,-1,-1
Thu Apr 24 14:50:06 2025,12,-1,24,-1,-1,-1,-1
Thu Apr 24 14:50:06 2025,13,-1,27,-1,-1,-1,-1
Thu Apr 24 14:50:06 2025,14,-1,20,-1,-1,-1,-1
Thu Apr 24 14:50:06 2025,15,-1,25,-1,-1,-1,-1
Thu Apr 24 14:50:06 2025,16,-1,16,-1,-1,-1,-1
Thu Apr 24 14:50:06 2025,17,-1,16,-1,-1,-1,-1
Thu Apr 24 14:50:06 2025,18,-1,18,-1,-1,-1,-1
Thu Apr 24 14:50:06 2025,19,-1,21,-1,-1,-1,-1
Thu Apr 24 14:50:06 2025,20,-1,26,-1,-1,-1,-1
Thu Apr 24 14:50:06 2025,21,-1,28,-1,-1,-1,-1
Thu Apr 24 14:50:06 2025,22,-1,31,-1,-1,-1,-1
Thu Apr 24 14:50:06 2025,23,-1,32,-1,-1,-1,-1
Thu Apr 24 14:50:06 2025,24,-1,21,-1,-1,-1,-1
Thu Apr 24 14:50:06 2025,25,-1,26,-1,-1,-1,-1
Thu Apr 24 14:50:06 2025,26,-1,23,-1,-1,-1,-1
Thu Apr 24 14:50:06 2025,27,-1,29,-1,-1,-1,-1
Thu Apr 24 14:50:06 2025,28,-1,28,-1,-1,-1,-1
Thu Apr 24 14:50:06 2025,29,-1,29,-1,-1,-1,-1
Thu Apr 24 14:50:06 2025,30,-1,34,-1,-1,-1,-1
Thu Apr 24 14:50:06 2025,31,-1,38,-1,-1,-1,-1
Thu Apr 24 14:50:06 2025,32,-1,40,-1,-1,-1,-1
Thu Apr 24 14:50:06 2025,33,-1,43,-1,-1,-1,-1
Thu Apr 24 14:50:06 2025,34,-1,40,-1,-1,-1,-1
Thu Apr 24 14:50:06 2025,35,-1,39,-1,-1,-1,-1
Thu Apr 24 14:50:06 2025,36,-1,26,-1,-1,-1,-1
Thu Apr 24 14:50:06 2025,37,-1,36,-1,-1,-1,-1
Thu Apr 24 14:50:06 2025,38,-1,38,-1,-1,-1,-1
Thu Apr 24 14:50:06 2025,39,-1,39,-1,-1,-1,-1
Thu Apr 24 14:50:06 2025,40,-1,34,-1,-1,-1,-1
Thu Apr 24 14:50:06 2025,41,-1,43,-1,-1,-1,-1
Thu Apr 24 14:50:06 2025,42,-1,40,-1,-1,-1,-1
Thu Apr 24 14:50:06 2025,43,-1,48,-1,-1,-1,-1
Thu Apr 24 14:50:06 2025,44,-1,37,-1,-1,-1,-1
Thu Apr 24 14:50:06 2025,45,-1,48,-1,-1,-1,-1
Thu Apr 24 14:50:06 2025,46,-1,32,-1,-1,-1,-1
Thu Apr 24 14:50:06 2025,47,-1,49,-1,-1,-1,-1
Thu Apr 24 14:50:06 2025,48,-1,41,-1,-1,-1,-1
Thu Apr 24 14:50:06 2025,49,-1,52,-1,-1,-1,-1
Thu Apr 24 14:50:06 2025,50,-1,43,-1,-1,-1,-1
Thu Apr 24 14:50:06 2025,51,-1,46,-1,-1,-1,-1
Thu Apr 24 14:50:06 2025,52,-1,55,-1,-1,-1,-1
Thu Apr 24 14:50:06 2025,53,-1,52,-1,-1,-1,-1
Thu Apr 24 14:50:06 2025,54,-1,57,-1,-1,-1,-1
Thu Apr 24 14:50:06 2025,55,-1,64,-1,-1,-1,-1
Thu Apr 24 14:50:06 2025,56,-1,48,-1,-1,-1,-1
Thu Apr 24 14:50:06 2025,57,-1,68,-1,-1,-1,-1
Thu Apr 24 14:50:06 2025,58,-1,60,-1,-1,-1,-1
Thu Apr 24 14:50:06 2025,59,-1,59,-1,-1,-1,-1
Thu Apr 24 14:50:06 2025,60,-1,57,-1,-1,-1,-1
Thu Apr 24 14:50:06 2025,61,-1,55,-1,-1,-1,-1
Thu Apr 24 14:50:06 2025,62,-1,63,-1,-1,-1,-1
Thu Apr 24 14:50:06 2025,63,-1,55,-1,-1,-1,-1
Thu Apr 24 14:50:06 2025,64,-1,70,-1,-1,-1,-1
Thu Apr 24 14:50:06 2025,65,-1,66,-1,-1,-1,-1
Thu Apr 24 14:50:06 2025,66,-1,67,-1,-1,-1,-1
Thu Apr 24 14:50:06 2025,67,-1,60,-1,-1,-1,-1
Thu Apr 24 14:50:06 2025,68,-1,68,-1,-1,-1,-1
Thu Apr 24 14:50:06 2025,69,-1,65,-1,-1,-1,-1
Thu Apr 24 14:50:06 2025,70,-1,63,-1,-1,-1,-1
Thu Apr 24 14:50:06 2025,71,-1,72,-1,-1,-1,-1
Thu Apr 24 14:50:06 2025,72,-1,71,-1,-1,-1,-1
Thu Apr 24 14:50:06 2025,73,-1,63,-1,-1,-1,-1
Thu Apr 24 14:50:06 2025,74,-1,77,-1,-1,-1,-1
Thu Apr 24 14:50:06 2025,75,-1,76,-1,-1,-1,-1
Thu Apr 24 14:50:06 2025,76,-1,65,-1,-1,-1,-1
Thu Apr 24 14:50:06 2025,77,-1,77,-1,-1,-1,-1
Thu Apr 24 14:50:06 2025,78,-1,70,-1,-1,-1,-1
Thu Apr 24 14:50:06 2025,79,-1,82,-1,-1,-1,-1
Thu Apr 24 14:50:06 2025,80,-1,67,-1,-1,-1,-1
Thu Apr 24 14:50:06 2025,81,-1,82,-1,-1,-1,-1
Thu Apr 24 14:50:06 2025,82,-1,75,-1,-1,-1,-1
Thu Apr 24 14:50:06 2025,83,-1,77,-1,-1,-1,-1
Thu Apr 24 14:50:06 2025,84,-1,85,-1,-1,-1,-1
Thu Apr 24 14:50:06 2025,85,-1,85,-1,-1,-1,-1
Thu Apr 24 14:50:06 2025,86,-1,76,-1,-1,-1,-1
Thu Apr 24 14:50:06 2025,87,-1,86,-1,-1,-1,-1
Thu Apr 24 14:50:06 2025,88,-1,80,-1,-1,-1,-1
Thu Apr 24 14:50:06 2025,89,-1,78,-1,-1,-1,-1
Thu Apr 24 14:50:06 2025,90,-1,99,-1,-1,-1,-1
Thu Apr 24 14:50:06 2025,91,-1,82,-1,-1,-1,-1
Thu Apr 24 14:50:06 2025,92,-1,98,-1,-1,-1,-1
Thu Apr 24 14:50:06 2025,93,-1,94,-1,-1,-1,-1
Thu Apr 24 14:50:06 2025,94,-1,103,-1,-1,-1,-1
Thu Apr 24 14:50:06 2025,95,-1,97,-1,-1,-1,-1
Thu Apr 24 14:50:06 2025,96,-1,102,-1,-1,-1,-1
Thu Apr 24 14:50:06 2025,97,-1,88,-1,-1,-1,-1
Thu Apr 24 14:50:06 2025,98,-1,102,-1,-1,-1,-1
Thu Apr 24 14:50:06 2025,99,-1,93,-1,-1,-1,-1
Thu Apr 24 14:50:06 2025,100,-1,104,-1,-1,-1,-1
Thu Apr 24 14:50:06 2025,101,-1,86,-1,-1,-1,-1
Thu Apr 24 14:50:06 2025,102,-1,103,-1,-1,-1,-1
Thu Apr 24 14:50:06 2025,103,-1,96,-1,-1,-1,-1
Thu Apr 24 14:50:06 2025,104,-1,104,-1,-1,-1,-1
Thu Apr 24 14:50:06 2025,105,-1,109,-1,-1,-1,-1
Thu Apr 24 14:50:06 2025,106,-1,112,-1,-1,-1,-1
Thu Apr 24 14:50:06 2025,107,-1,104,-1,-1,-1,-1
Thu Apr 24 14:50:06 2025,108,-1,108,-1,-1,-1,-1
Thu Apr 24 14:50:06 2025,109,-1,106,-1,-1,-1,-1
Thu Apr 24 14:50:06 2025,110,-1,112,-1,-1,-1,-1
Thu Apr 24 14:50:06 2025,111,-1,108,-1,-1,-1,-1
Thu Apr 24 14:50:06 2025,112,-1,110,-1,-1,-1,-1
Thu Apr 24 14:50:06 2025,113,-1,114,-1,-1,-1,-1
Thu Apr 24 14:50:06 2025,114,-1,113,-1,-1,-1,-1
Thu Apr 24 14:50:06 2025,115,-1,112,-1,-1,-1,-1
Thu Apr 24 14:50:06 2025,116,-1,115,-1,-1,-1,-1
Thu Apr 24 14:50:06 2025,117,-1,119,-1,-1,-1,-1
Thu Apr 24 14:50:06 2025,118,-1,117,-1,-1,-1,-1
Thu Apr 24 14:50:06 2025,119,-1,118,-1,-1,-1,-1
Thu Apr 24 14:50:06 2025,120,-1,122,-1,-1,-1,-1
Thu Apr 24 14:50:06 2025,121,-1,120,-1,-1,-1,-1
Thu Apr 24 14:50:06 2025,122,-1,117,-1,-1,-1,-1
Thu Apr 24 14:50:06 2025,123,-1,119,-1,-1,-1,-1
Thu Apr 24 14:50:06 2025,124,-1,124,-1,-1,-1,-1
Thu Apr 24 14:50:06 2025,125,-1,127,-1,-1,-1,-1
Thu Apr 24 14:50:06 2025,126,-1,122,-1,-1,-1,-1
Thu Apr 24 14:50:06 2025,127,-1,127,-1,-1,-1,-1
Thu Apr 24 14:50:06 2025,128,-1,126,-1,-1,-1,-1
Thu Apr 24 14:50:06 2025,129,-1,126,-1,-1,-1,-1
Thu Apr 24 14:50:06 2025,130,-1,129,-1,-1,-1,-1
Thu Apr 24 14:50:06 2025,131,-1,126,-1,-1,-1,-1
Thu Apr 24 14:50:06 2025,132,-1,129,-1,-1,-1,-1
Thu Apr 24 14:50:06 2025,133,-1,131,-1,-1,-1,-1
Thu Apr 24 14:50:06 2025,134,-1,131,-1,-1,-1,-1
Thu Apr 24 14:50:06 2025,135,-1,133,-1,-1,-1,-1
Thu Apr 24 14:50:06 2025,136,-1,134,-1,-1,-1,-1
Thu Apr 24 14:50:06 2025,137,-1,130,-1,-1,-1,-1
Thu Apr 24 14:50:06 2025,138,-1,134,-1,-1,-1,-1
Thu Apr 24 14:50:06 2025,139,-1,139,-1,-1,-1,-1
Thu Apr 24 14:50:06 2025,140,-1,131,-1,-1,-1,-1
Thu Apr 24 14:50:06 2025,141,-1,137,-1,-1,-1,-1
Thu Apr 24 14:50:06 2025,142,-1,138,-1,-1,-1,-1
Thu Apr 24 14:50:06 2025,143,-1,144,-1,-1,-1,-1
Thu Apr 24 14:50:06 2025,144,-1,140,-1,-1,-1,-1
Thu Apr 24 14:50:06 2025,145,-1,142,-1,-1,-1,-1
Thu Apr 24 14:50:06 2025,146,-1,140,-1,-1,-1,-1
Thu Apr 24 14:50:06 2025,147,-1,143,-1,-1,-1,-1
Thu Apr 24 14:50:06 2025,148,-1,145,-1,-1,-1,-1
Thu Apr 24 14:50:06 2025,149,-1,142,-1,-1,-1,-1
Thu Apr 24 14:50:06 2025,150,-1,146,-1,-1,-1,-1
Thu Apr 24 14:50:06 2025,151,-1,148,-1,-1,-1,-1
Thu Apr 24 14:50:06 2025,152,-1,148,-1,-1,-1,-1
Thu Apr 24 14:50:06 2025,153,-1,149,-1,-1,-1,-1
Thu Apr 24 14:50:06 2025,154,-1,148,-1,-1,-1,-1
Thu Apr 24 14:50:06 2025,155,-1,149,-1,-1,-1,-1
Thu Apr 24 14:50:06 2025,156,-1,150,-1,-1,-1,-1
Thu Apr 24 14:50:06 2025,157,-1,152,-1,-1,-1,-1
Thu Apr 24 14:50:06 2025,158,-1,154,-1,-1,-1,-1
Thu Apr 24 14:50:06 2025,159,-1,157,-1,-1,-1,-1
Thu Apr 24 14:50:06 2025,160,-1,157,-1,-1,-1,-1
Thu Apr 24 14:50:06 2025,161,-1,156,-1,-1,-1,-1
Thu Apr 24 14:50:06 2025,162,-1,158,-1,-1,-1,-1
Thu Apr 24 14:50:06 2025,163,-1,157,-1,-1,-1,-1
Thu Apr 24 14:50:06 2025,164,-1,163,-1,-1,-1,-1
Thu Apr 24 14:50:06 2025,165,-1,163,-1,-1,-1,-1
Thu Apr 24 14:50:06 2025,166,-1,164,-1,-1,-1,-1
Thu Apr 24 14:50:06 2025,167,-1,164,-1,-1,-1,-1
Thu Apr 24 14:50:06 2025,168,-1,164,-1,-1,-1,-1
Thu Apr 24 14:50:06 2025,169,-1,162,-1,-1,-1,-1
Thu Apr 24 14:50:06 2025,170,-1,167,-1,-1,-1,-1
Thu Apr 24 14:50:06 2025,171,-1,167,-1,-1,-1,-1
Thu Apr 24 14:50:06 2025,172,-1,169,-1,-1,-1,-1
Thu Apr 24 14:50:06 2025,173,-1,167,-1,-1,-1,-1
Thu Apr 24 14:50:06 2025,174,-1,170,-1,-1,-1,-1
Thu Apr 24 14:50:06 2025,175,-1,171,-1,-1,-1,-1
Thu Apr 24 14:50:06 2025,176,-1,173,-1,-1,-1,-1
Thu Apr 24 14:50:06 2025,177,-1,173,-1,-1,-1,-1
Thu Apr 24 14:50:06 2025,178,-1,173,-1,-1,-1,-1
Thu Apr 24 14:50:06 2025,179,-1,176,-1,-1,-1,-1
Thu Apr 24 14:50:06 2025,180,-1,176,-1,-1,-1,-1
Thu Apr 24 14:54:10 2025,0,-1,13,-1,-1,-1,-1
Thu Apr 24 14:54:10 2025,1,-1,14,-1,-1,-1,-1
Thu Apr 24 14:54:10 2025,2,-1,14,-1,-1,-1,-1
Thu Apr 24 14:54:10 2025,3,-1,14,-1,-1,-1,-1
Thu Apr 24 14:54:10 2025,4,-1,15,-1,-1,-1,-1
Thu Apr 24 14:54:10 2025,5,-1,16,-1,-1,-1,-1
Thu Apr 24 14:54:10 2025,6,-1,14,-1,-1,-1,-1
Thu Apr 24 14:54:10 2025,7,-1,11,-1,-1,-1,-1
Thu Apr 24 14:54:10 2025,8,-1,18,-1,-1,-1,-1
Thu Apr 24 14:54:10 2025,9,-1,15,-1,-1,-1,-1
Thu Apr 24 14:54:10 2025,10,-1,16,-1,-1,-1,-1
Thu Apr 24 14:54:10 2025,11,-1,18,-1,-1,-1,-1
Thu Apr 24 14:54:10 2025,12,-1,19,-1,-1,-1,-1
Thu Apr 24 14:54:10 2025,13,-1,24,-1,-1,-1,-1
Thu Apr 24 14:54:10 2025,14,-1,20,-1,-1,-1,-1
Thu Apr 24 14:54:10 2025,15,-1,20,-1,-1,-1,-1
Thu Apr 24 14:54:10 2025,16,-1,21,-1,-1,-1,-1
Thu Apr 24 14:54:10 2025,17,-1,29,-1,-1,-1,-1
Thu Apr 24 14:54:10 2025,18,-1,27,-1,-1,-1,-1
Thu Apr 24 14:54:10 2025,19,-1,28,-1,-1,-1,-1
Thu Apr 24 14:54:10 2025,20,-1,27,-1,-1,-1,-1
Thu Apr 24 14:54:10 2025,21,-1,27,-1,-1,-1,-1
Thu Apr 24 14:54:10 2025,22,-1,30,-1,-1,-1,-1
Thu Apr 24 14:54:10 2025,23,-1,28,-1,-1,-1,-1
Thu Apr 24 14:54:10 2025,24,-1,31,-1,-1,-1,-1
Thu Apr 24 14:54:10 2025,25,-1,34,-1,-1,-1,-1
Thu Apr 24 14:54:10 2025,26,-1,31,-1,-1,-1,-1
Thu Apr 24 14:54:10 2025,27,-1,36,-1,-1,-1,-1
Thu Apr 24 14:54:10 2025,28,-1,35,-1,-1,-1,-1
Thu Apr 24 14:54:10 2025,29,-1,31,-1,-1,-1,-1
Thu Apr 24 14:54:10 2025,30,-1,36,-1,-1,-1,-1
Thu Apr 24 14:54:10 2025,31,-1,35,-1,-1,-1,-1
Thu Apr 24 14:54:10 2025,32,-1,34,-1,-1,-1,-1
Thu Apr 24 14:54:10 2025,33,-1,37,-1,-1,-1,-1
Thu Apr 24 14:54:10 2025,34,-1,40,-1,-1,-1,-1
Thu Apr 24 14:54:10 2025,35,-1,39,-1,-1,-1,-1
Thu Apr 24 14:54:10 2025,36,-1,44,-1,-1,-1,-1
Thu Apr 24 14:54:10 2025,37,-1,39,-1,-1,-1,-1
Thu Apr 24 14:54:10 2025,38,-1,39,-1,-1,-1,-1
Thu Apr 24 14:54:10 2025,39,-1,42,-1,-1,-1,-1
Thu Apr 24 14:54:10 2025,40,-1,36,-1,-1,-1,-1
Thu Apr 24 14:54:10 2025,41,-1,44,-1,-1,-1,-1
Thu Apr 24 14:54:10 2025,42,-1,40,-1,-1,-1,-1
Thu Apr 24 14:54:10 2025,43,-1,43,-1,-1,-1,-1
Thu Apr 24 14:54:10 2025,44,-1,45,-1,-1,-1,-1
Thu Apr 24 14:54:10 2025,45,-1,45,-1,-1,-1,-1
Thu Apr 24 14:54:10 2025,46,-1,49,-1,-1,-1,-1
Thu Apr 24 14:54:10 2025,47,-1,46,-1,-1,-1,-1
Thu Apr 24 14:54:10 2025,48,-1,47,-1,-1,-1,-1
Thu Apr 24 14:54:10 2025,49,-1,46,-1,-1,-1,-1
Thu Apr 24 14:54:10 2025,50,-1,53,-1,-1,-1,-1
Thu Apr 24 14:54:10 2025,51,-1,44,-1,-1,-1,-1
Thu Apr 24 14:54:10 2025,52,-1,44,-1,-1,-1,-1
Thu Apr 24 14:54:10 2025,53,-1,48,-1,-1,-1,-1
Thu Apr 24 14:54:10 2025,54,-1,51,-1,-1,-1,-1
Thu Apr 24 14:54:10 2025,55,-1,51,-1,-1,-1,-1
Thu Apr 24 14:54:10 2025,56,-1,53,-1,-1,-1,-1
Thu Apr 24 14:54:10 2025,57,-1,54,-1,-1,-1,-1
Thu Apr 24 14:54:10 2025,58,-1,56,-1,-1,-1,-1
Thu Apr 24 14:54:10 2025,59,-1,58,-1,-1,-1,-1
Thu Apr 24 14:54:10 2025,60,-1,63,-1,-1,-1,-1
Thu Apr 24 14:54:10 2025,61,-1,62,-1,-1,-1,-1
Thu Apr 24 14:54:10 2025,62,-1,54,-1,-1,-1,-1
Thu Apr 24 14:54:10 2025,63,-1,62,-1,-1,-1,-1
Thu Apr 24 14:54:10 2025,64,-1,56,-1,-1,-1,-1
Thu Apr 24 14:54:10 2025,65,-1,64,-1,-1,-1,-1
Thu Apr 24 14:54:10 2025,66,-1,62,-1,-1,-1,-1
Thu Apr 24 14:54:10 2025,67,-1,61,-1,-1,-1,-1
Thu Apr 24 14:54:10 2025,68,-1,63,-1,-1,-1,-1
Thu Apr 24 14:54:10 2025,69,-1,71,-1,-1,-1,-1
Thu Apr 24 14:54:10 2025,70,-1,70,-1,-1,-1,-1
Thu Apr 24 14:54:10 2025,71,-1,67,-1,-1,-1,-1
Thu Apr 24 14:54:10 2025,72,-1,69,-1,-1,-1,-1
Thu Apr 24 14:54:10 2025,73,-1,71,-1,-1,-1,-1
Thu Apr 24 14:54:10 2025,74,-1,75,-1,-1,-1,-1
Thu Apr 24 14:54:10 2025,75,-1,66,-1,-1,-1,-1
Thu Apr 24 14:54:10 2025,76,-1,68,-1,-1,-1,-1
Thu Apr 24 14:54:10 2025,77,-1,71,-1,-1,-1,-1
Thu Apr 24 14:54:10 2025,78,-1,74,-1,-1,-1,-1
Thu Apr 24 14:54:10 2025,79,-1,77,-1,-1,-1,-1
Thu Apr 24 14:54:10 2025,80,-1,76,-1,-1,-1,-1
Thu Apr 24 14:54:10 2025,81,-1,74,-1,-1,-1,-1
Thu Apr 24 14:54:10 2025,82,-1,78,-1,-1,-1,-1
Thu Apr 24 14:54:10 2025,83,-1,77,-1,-1,-1,-1
Thu Apr 24 14:54:10 2025,84,-1,82,-1,-1,-1,-1
Thu Apr 24 14:54:10 2025,85,-1,75,-1,-1,-1,-1
Thu Apr 24 14:54:10 2025,86,-1,84,-1,-1,-1,-1
Thu Apr 24 14:54:10 2025,87,-1,83,-1,-1,-1,-1
Thu Apr 24 14:54:10 2025,88,-1,81,-1,-1,-1,-1
Thu Apr 24 14:54:10 2025,89,-1,82,-1,-1,-1,-1
Thu Apr 24 14:54:10 2025,90,-1,83,-1,-1,-1,-1
Thu Apr 24 14:54:10 2025,91,-1,80,-1,-1,-1,-1
Thu Apr 24 14:54:10 2025,92,-1,97,-1,-1,-1,-1
Thu Apr 24 14:54:10 2025,93,-1,78,-1,-1,-1,-1
Thu Apr 24 14:54:10 2025,94,-1,94,-1,-1,-1,-1
Thu Apr 24 14:54:10 2025,95,-1,104,-1,-1,-1,-1
Thu Apr 24 14:54:10 2025,96,-1,84,-1,-1,-1,-1
Thu Apr 24 14:54:10 2025,97,-1,106,-1,-1,-1,-1
Thu Apr 24 14:54:10 2025,98,-1,86,-1,-1,-1,-1
Thu Apr 24 14:54:10 2025,99,-1,102,-1,-1,-1,-1
Thu Apr 24 14:54:10 2025,100,-1,110,-1,-1,-1,-1
Thu Apr 24 14:54:10 2025,101,-1,97,-1,-1,-1,-1
Thu Apr 24 14:54:10 2025,102,-1,112,-1,-1,-1,-1
Thu Apr 24 14:54:10 2025,103,-1,107,-1,-1,-1,-1
Thu Apr 24 14:54:10 2025,104,-1,100,-1,-1,-1,-1
Thu Apr 24 14:54:10 2025,105,-1,102,-1,-1,-1,-1
Thu Apr 24 14:54:10 2025,106,-1,107,-1,-1,-1,-1
Thu Apr 24 14:54:10 2025,107,-1,110,-1,-1,-1,-1
Thu Apr 24 14:54:10 2025,108,-1,110,-1,-1,-1,-1
Thu Apr 24 14:54:10 2025,109,-1,122,-1,-1,-1,-1
Thu Apr 24 14:54:10 2025,110,-1,97,-1,-1,-1,-1
Thu Apr 24 14:54:10 2025,111,-1,121,-1,-1,-1,-1
Thu Apr 24 14:54:10 2025,112,-1,102,-1,-1,-1,-1
Thu Apr 24 14:54:10 2025,113,-1,103,-1,-1,-1,-1
Thu Apr 24 14:54:10 2025,114,-1,117,-1,-1,-1,-1
Thu Apr 24 14:54:10 2025,115,-1,108,-1,-1,-1,-1
Thu Apr 24 14:54:10 2025,116,-1,122,-1,-1,-1,-1
Thu Apr 24 14:54:10 2025,117,-1,118,-1,-1,-1,-1
Thu Apr 24 14:54:10 2025,118,-1,125,-1,-1,-1,-1
Thu Apr 24 14:54:10 2025,119,-1,114,-1,-1,-1,-1
Thu Apr 24 14:54:10 2025,120,-1,109,-1,-1,-1,-1
Thu Apr 24 14:54:10 2025,121,-1,111,-1,-1,-1,-1
Thu Apr 24 14:54:10 2025,122,-1,110,-1,-1,-1,-1
Thu Apr 24 14:54:10 2025,123,-1,116,-1,-1,-1,-1
Thu Apr 24 14:54:10 2025,124,-1,116,-1,-1,-1,-1
Thu Apr 24 14:54:10 2025,125,-1,128,-1,-1,-1,-1
Thu Apr 24 14:54:10 2025,126,-1,126,-1,-1,-1,-1
Thu Apr 24 14:54:10 2025,127,-1,130,-1,-1,-1,-1
Thu Apr 24 14:54:10 2025,128,-1,132,-1,-1,-1,-1
Thu Apr 24 14:54:10 2025,129,-1,128,-1,-1,-1,-1
Thu Apr 24 14:54:10 2025,130,-1,131,-1,-1,-1,-1
Thu Apr 24 14:54:10 2025,131,-1,127,-1,-1,-1,-1
Thu Apr 24 14:54:10 2025,132,-1,121,-1,-1,-1,-1
Thu Apr 24 14:54:10 2025,133,-1,126,-1,-1,-1,-1
Thu Apr 24 14:54:10 2025,134,-1,124,-1,-1,-1,-1
Thu Apr 24 14:54:10 2025,135,-1,129,-1,-1,-1,-1
Thu Apr 24 14:54:10 2025,136,-1,128,-1,-1,-1,-1
Thu Apr 24 14:54:10 2025,137,-1,134,-1,-1,-1,-1
Thu Apr 24 14:54:10 2025,138,-1,133,-1,-1,-1,-1
Thu Apr 24 14:54:10 2025,139,-1,143,-1,-1,-1,-1
Thu Apr 24 14:54:10 2025,140,-1,138,-1,-1,-1,-1
Thu Apr 24 14:54:10 2025,141,-1,139,-1,-1,-1,-1
Thu Apr 24 14:54:10 2025,142,-1,134,-1,-1,-1,-1
Thu Apr 24 14:54:10 2025,143,-1,135,-1,-1,-1,-1
Thu Apr 24 14:54:10 2025,144,-1,136,-1,-1,-1,-1
Thu Apr 24 14:54:10 2025,145,-1,138,-1,-1,-1,-1
Thu Apr 24 14:54:10 2025,146,-1,136,-1,-1,-1,-1
Thu Apr 24 14:54:10 2025,147,-1,142,-1,-1,-1,-1
Thu Apr 24 14:54:10 2025,148,-1,143,-1,-1,-1,-1
Thu Apr 24 14:54:10 2025,149,-1,154,-1,-1,-1,-1
Thu Apr 24 14:54:10 2025,150,-1,150,-1,-1,-1,-1
Thu Apr 24 14:54:10 2025,151,-1,150,-1,-1,-1,-1
Thu Apr 24 14:54:10 2025,152,-1,150,-1,-1,-1,-1
Thu Apr 24 14:54:10 2025,153,-1,144,-1,-1,-1,-1
Thu Apr 24 14:54:10 2025,154,-1,150,-1,-1,-1,-1
Thu Apr 24 14:54:10 2025,155,-1,150,-1,-1,-1,-1
Thu Apr 24 14:54:10 2025,156,-1,149,-1,-1,-1,-1
Thu Apr 24 14:54:10 2025,157,-1,157,-1,-1,-1,-1
Thu Apr 24 14:54:10 2025,158,-1,150,-1,-1,-1,-1
Thu Apr 24 14:54:10 2025,159,-1,163,-1,-1,-1,-1
Thu Apr 24 14:54:10 2025,160,-1,151,-1,-1,-1,-1
Thu Apr 24 14:54:10 2025,161,-1,158,-1,-1,-1,-1
Thu Apr 24 14:54:10 2025,162,-1,158,-1,-1,-1,-1
Thu Apr 24 14:54:10 2025,163,-1,165,-1,-1,-1,-1
Thu Apr 24 14:54:10 2025,164,-1,159,-1,-1,-1,-1
Thu Apr 24 14:54:10 2025,165,-1,165,-1,-1,-1,-1
Thu Apr 24 14:54:10 2025,166,-1,165,-1,-1,-1,-1
Thu Apr 24 14:54:10 2025,167,-1,166,-1,-1,-1,-1
Thu Apr 24 14:54:10 2025,168,-1,164,-1,-1,-1,-1
Thu Apr 24 14:54:10 2025,169,-1,160,-1,-1,-1,-1
Thu Apr 24 14:54:10 2025,170,-1,168,-1,-1,-1,-1
Thu Apr 24 14:54:10 2025,171,-1,166,-1,-1,-1,-1
Thu Apr 24 14:54:10 2025,172,-1,164,-1,-1,-1,-1
Thu Apr 24 14:54:10 2025,173,-1,170,-1,-1,-1,-1
Thu Apr 24 14:54:10 2025,174,-1,166,-1,-1,-1,-1
Thu Apr 24 14:54:10 2025,175,-1,173,-1,-1,-1,-1
Thu Apr 24 14:54:10 2025,176,-1,171,-1,-1,-1,-1
Thu Apr 24 14:54:10 2025,177,-1,174,-1,-1,-1,-1
Thu Apr 24 14:54:10 2025,178,-1,174,-1,-1,-1,-1
Thu Apr 24 14:54:10 2025,179,-1,179,-1,-1,-1,-1
Thu Apr 24 14:54:10 2025,180,-1,179,-1,-1,-1,-1
Thu Apr 24 15:02:41 2025,0,-1,-1,9,-1,-1,-1
Thu Apr 24 15:02:41 2025,1,-1,-1,9,-1,-1,-1
Thu Apr 24 15:02:41 2025,2,-1,-1,10,-1,-1,-1
Thu Apr 24 15:02:41 2025,3,-1,-1,12,-1,-1,-1
Thu Apr 24 15:02:41 2025,4,-1,-1,11,-1,-1,-1
Thu Apr 24 15:02:41 2025,5,-1,-1,6,-1,-1,-1
Thu Apr 24 15:02:41 2025,6,-1,-1,12,-1,-1,-1
Thu Apr 24 15:02:41 2025,7,-1,-1,13,-1,-1,-1
Thu Apr 24 15:02:41 2025,8,-1,-1,15,-1,-1,-1
Thu Apr 24 15:02:41 2025,9,-1,-1,13,-1,-1,-1
Thu Apr 24 15:02:41 2025,10,-1,-1,13,-1,-1,-1
Thu Apr 24 15:02:41 2025,11,-1,-1,20,-1,-1,-1
Thu Apr 24 15:02:41 2025,12,-1,-1,20,-1,-1,-1
Thu Apr 24 15:02:41 2025,13,-1,-1,20,-1,-1,-1
Thu Apr 24 15:02:41 2025,14,-1,-1,18,-1,-1,-1
Thu Apr 24 15:02:41 2025,15,-1,-1,25,-1,-1,-1
Thu Apr 24 15:02:41 2025,16,-1,-1,25,-1,-1,-1
Thu Apr 24 15:02:41 2025,17,-1,-1,29,-1,-1,-1
Thu Apr 24 15:02:41 2025,18,-1,-1,30,-1,-1,-1
Thu Apr 24 15:02:41 2025,19,-1,-1,29,-1,-1,-1
Thu Apr 24 15:02:41 2025,20,-1,-1,30,-1,-1,-1
Thu Apr 24 15:02:41 2025,21,-1,-1,30,-1,-1,-1
Thu Apr 24 15:02:41 2025,22,-1,-1,32,-1,-1,-1
Thu Apr 24 15:02:41 2025,23,-1,-1,32,-1,-1,-1
Thu Apr 24 15:02:41 2025,24,-1,-1,33,-1,-1,-1
Thu Apr 24 15:02:41 2025,25,-1,-1,32,-1,-1,-1
Thu Apr 24 15:02:41 2025,26,-1,-1,33,-1,-1,-1
Thu Apr 24 15:02:41 2025,27,-1,-1,34,-1,-1,-1
Thu Apr 24 15:02:41 2025,28,-1,-1,35,-1,-1,-1
Thu Apr 24 15:02:41 2025,29,-1,-1,40,-1,-1,-1
Thu Apr 24 15:02:41 2025,30,-1,-1,39,-1,-1,-1
Thu Apr 24 15:02:41 2025,31,-1,-1,39,-1,-1,-1
Thu Apr 24 15:02:41 2025,32,-1,-1,40,-1,-1,-1
Thu Apr 24 15:02:41 2025,33,-1,-1,38,-1,-1,-1
Thu Apr 24 15:02:41 2025,34,-1,-1,40,-1,-1,-1
Thu Apr 24 15:02:41 2025,35,-1,-1,41,-1,-1,-1
Thu Apr 24 15:02:41 2025,36,-1,-1,43,-1,-1,-1
Thu Apr 24 15:02:41 2025,37,-1,-1,45,-1,-1,-1
Thu Apr 24 15:02:41 2025,38,-1,-1,48,-1,-1,-1
Thu Apr 24 15:02:41 2025,39,-1,-1,46,-1,-1,-1
Thu Apr 24 15:02:41 2025,40,-1,-1,47,-1,-1,-1
Thu Apr 24 15:02:41 2025,41,-1,-1,46,-1,-1,-1
Thu Apr 24 15:02:41 2025,42,-1,-1,52,-1,-1,-1
Thu Apr 24 15:02:41 2025,43,-1,-1,49,-1,-1,-1
Thu Apr 24 15:02:41 2025,44,-1,-1,47,-1,-1,-1
Thu Apr 24 15:02:41 2025,45,-1,-1,50,-1,-1,-1
Thu Apr 24 15:02:41 2025,46,-1,-1,54,-1,-1,-1
Thu Apr 24 15:02:41 2025,47,-1,-1,51,-1,-1,-1
Thu Apr 24 15:02:41 2025,48,-1,-1,53,-1,-1,-1
Thu Apr 24 15:02:41 2025,49,-1,-1,55,-1,-1,-1
Thu Apr 24 15:02:41 2025,50,-1,-1,50,-1,-1,-1
Thu Apr 24 15:02:41 2025,51,-1,-1,55,-1,-1,-1
Thu Apr 24 15:02:41 2025,52,-1,-1,56,-1,-1,-1
Thu Apr 24 15:02:41 2025,53,-1,-1,57,-1,-1,-1
Thu Apr 24 15:02:41 2025,54,-1,-1,60,-1,-1,-1
Thu Apr 24 15:02:41 2025,55,-1,-1,59,-1,-1,-1
Thu Apr 24 15:02:41 2025,56,-1,-1,58,-1,-1,-1
Thu Apr 24 15:02:41 2025,57,-1,-1,62,-1,-1,-1
Thu Apr 24 15:02:41 2025,58,-1,-1,62,-1,-1,-1
Thu Apr 24 15:02:41 2025,59,-1,-1,60,-1,-1,-1
Thu Apr 24 15:02:41 2025,60,-1,-1,65,-1,-1,-1
Thu Apr 24 15:02:41 2025,61,-1,-1,62,-1,-1,-1
Thu Apr 24 15:02:41 2025,62,-1,-1,65,-1,-1,-1
Thu Apr 24 15:02:41 2025,63,-1,-1,66,-1,-1,-1
Thu Apr 24 15:02:41 2025,64,-1,-1,69,-1,-1,-1
Thu Apr 24 15:02:41 2025,65,-1,-1,65,-1,-1,-1
Thu Apr 24 15:02:41 2025,66,-1,-1,68,-1,-1,-1
Thu Apr 24 15:02:41 2025,67,-1,-1,68,-1,-1,-1
Thu Apr 24 15:02:41 2025,68,-1,-1,70,-1,-1,-1
Thu Apr 24 15:02:41 2025,69,-1,-1,72,-1,-1,-1
Thu Apr 24 15:02:41 2025,70,-1,-1,70,-1,-1,-1
Thu Apr 24 15:02:41 2025,71,-1,-1,71,-1,-1,-1
Thu Apr 24 15:02:41 2025,72,-1,-1,71,-1,-1,-1
Thu Apr 24 15:02:41 2025,73,-1,-1,72,-1,-1,-1
Thu Apr 24 15:02:41 2025,74,-1,-1,74,-1,-1,-1
Thu Apr 24 15:02:41 2025,75,-1,-1,73,-1,-1,-1
Thu Apr 24 15:02:41 2025,76,-1,-1,73,-1,-1,-1
Thu Apr 24 15:02:41 2025,77,-1,-1,73,-1,-1,-1
Thu Apr 24 15:02:41 2025,78,-1,-1,77,-1,-1,-1
Thu Apr 24 15:02:41 2025,79,-1,-1,75,-1,-1,-1
Thu Apr 24 15:02:41 2025,80,-1,-1,79,-1,-1,-1
Thu Apr 24 15:02:41 2025,81,-1,-1,77,-1,-1,-1
Thu Apr 24 15:02:41 2025,82,-1,-1,79,-1,-1,-1
Thu Apr 24 15:02:41 2025,83,-1,-1,77,-1,-1,-1
Thu Apr 24 15:02:41 2025,84,-1,-1,81,-1,-1,-1
Thu Apr 24 15:02:41 2025,85,-1,-1,81,-1,-1,-1
Thu Apr 24 15:02:41 2025,86,-1,-1,81,-1,-1,-1
Thu Apr 24 15:02:41 2025,87,-1,-1,80,-1,-1,-1
Thu Apr 24 15:02:41 2025,88,-1,-1,82,-1,-1,-1
Thu Apr 24 15:02:41 2025,89,-1,-1,98,-1,-1,-1
Thu Apr 24 15:02:41 2025,90,-1,-1,82,-1,-1,-1
Thu Apr 24 15:02:41 2025,91,-1,-1,99,-1,-1,-1
Thu Apr 24 15:02:41 2025,92,-1,-1,99,-1,-1,-1
Thu Apr 24 15:02:41 2025,93,-1,-1,100,-1,-1,-1
Thu Apr 24 15:02:41 2025,94,-1,-1,99,-1,-1,-1
Thu Apr 24 15:02:41 2025,95,-1,-1,102,-1,-1,-1
Thu Apr 24 15:02:41 2025,96,-1,-1,99,-1,-1,-1
Thu Apr 24 15:02:41 2025,97,-1,-1,102,-1,-1,-1
Thu Apr 24 15:02:41 2025,98,-1,-1,101,-1,-1,-1
Thu Apr 24 15:02:41 2025,99,-1,-1,102,-1,-1,-1
Thu Apr 24 15:02:41 2025,100,-1,-1,103,-1,-1,-1
Thu Apr 24 15:02:41 2025,101,-1,-1,102,-1,-1,-1
Thu Apr 24 15:02:41 2025,102,-1,-1,103,-1,-1,-1
Thu Apr 24 15:02:41 2025,103,-1,-1,103,-1,-1,-1
Thu Apr 24 15:02:41 2025,104,-1,-1,106,-1,-1,-1
Thu Apr 24 15:02:41 2025,105,-1,-1,103,-1,-1,-1
Thu Apr 24 15:02:41 2025,106,-1,-1,107,-1,-1,-1
Thu Apr 24 15:02:41 2025,107,-1,-1,106,-1,-1,-1
Thu Apr 24 15:02:41 2025,108,-1,-1,107,-1,-1,-1
Thu Apr 24 15:02:41 2025,109,-1,-1,109,-1,-1,-1
Thu Apr 24 15:02:41 2025,110,-1,-1,108,-1,-1,-1
Thu Apr 24 15:02:41 2025,111,-1,-1,109,-1,-1,-1
Thu Apr 24 15:02:41 2025,112,-1,-1,109,-1,-1,-1
Thu Apr 24 15:02:41 2025,113,-1,-1,109,-1,-1,-1
Thu Apr 24 15:02:41 2025,114,-1,-1,109,-1,-1,-1
Thu Apr 24 15:02:41 2025,115,-1,-1,112,-1,-1,-1
Thu Apr 24 15:02:41 2025,116,-1,-1,113,-1,-1,-1
Thu Apr 24 15:02:41 2025,117,-1,-1,112,-1,-1,-1
Thu Apr 24 15:02:41 2025,118,-1,-1,114,-1,-1,-1
Thu Apr 24 15:02:41 2025,119,-1,-1,112,-1,-1,-1
Thu Apr 24 15:02:41 2025,120,-1,-1,116,-1,-1,-1
Thu Apr 24 15:02:41 2025,121,-1,-1,114,-1,-1,-1
Thu Apr 24 15:02:41 2025,122,-1,-1,117,-1,-1,-1
Thu Apr 24 15:02:41 2025,123,-1,-1,116,-1,-1,-1
Thu Apr 24 15:02:41 2025,124,-1,-1,118,-1,-1,-1
Thu Apr 24 15:02:41 2025,125,-1,-1,117,-1,-1,-1
Thu Apr 24 15:02:41 2025,126,-1,-1,117,-1,-1,-1
Thu Apr 24 15:02:41 2025,127,-1,-1,118,-1,-1,-1
Thu Apr 24 15:02:41 2025,128,-1,-1,117,-1,-1,-1
Thu Apr 24 15:02:41 2025,129,-1,-1,118,-1,-1,-1
Thu Apr 24 15:02:41 2025,130,-1,-1,120,-1,-1,-1
Thu Apr 24 15:02:41 2025,131,-1,-1,123,-1,-1,-1
Thu Apr 24 15:02:41 2025,132,-1,-1,123,-1,-1,-1
Thu Apr 24 15:02:41 2025,133,-1,-1,122,-1,-1,-1
Thu Apr 24 15:02:41 2025,134,-1,-1,124,-1,-1,-1
Thu Apr 24 15:02:41 2025,135,-1,-1,127,-1,-1,-1
Thu Apr 24 15:02:41 2025,136,-1,-1,125,-1,-1,-1
Thu Apr 24 15:02:41 2025,137,-1,-1,127,-1,-1,-1
Thu Apr 24 15:02:41 2025,138,-1,-1,127,-1,-1,-1
Thu Apr 24 15:02:41 2025,139,-1,-1,128,-1,-1,-1
Thu Apr 24 15:02:41 2025,140,-1,-1,130,-1,-1,-1
Thu Apr 24 15:02:41 2025,141,-1,-1,129,-1,-1,-1
Thu Apr 24 15:02:41 2025,142,-1,-1,129,-1,-1,-1
Thu Apr 24 15:02:41 2025,143,-1,-1,131,-1,-1,-1
Thu Apr 24 15:02:41 2025,144,-1,-1,130,-1,-1,-1
Thu Apr 24 15:02:41 2025,145,-1,-1,128,-1,-1,-1
Thu Apr 24 15:02:41 2025,146,-1,-1,131,-1,-1,-1
Thu Apr 24 15:02:41 2025,147,-1,-1,131,-1,-1,-1
Thu Apr 24 15:02:41 2025,148,-1,-1,133,-1,-1,-1
Thu Apr 24 15:02:41 2025,149,-1,-1,132,-1,-1,-1
Thu Apr 24 15:02:41 2025,150,-1,-1,136,-1,-1,-1
Thu Apr 24 15:02:41 2025,151,-1,-1,133,-1,-1,-1
Thu Apr 24 15:02:41 2025,152,-1,-1,134,-1,-1,-1
Thu Apr 24 15:02:41 2025,153,-1,-1,137,-1,-1,-1
Thu Apr 24 15:02:41 2025,154,-1,-1,141,-1,-1,-1
Thu Apr 24 15:02:41 2025,155,-1,-1,139,-1,-1,-1
Thu Apr 24 15:02:41 2025,156,-1,-1,139,-1,-1,-1
Thu Apr 24 15:02:41 2025,157,-1,-1,142,-1,-1,-1
Thu Apr 24 15:02:41 2025,158,-1,-1,143,-1,-1,-1
Thu Apr 24 15:02:41 2025,159,-1,-1,141,-1,-1,-1
Thu Apr 24 15:02:41 2025,160,-1,-1,144,-1,-1,-1
Thu Apr 24 15:02:41 2025,161,-1,-1,145,-1,-1,-1
Thu Apr 24 15:02:41 2025,162,-1,-1,143,-1,-1,-1
Thu Apr 24 15:02:41 2025,163,-1,-1,144,-1,-1,-1
Thu Apr 24 15:02:41 2025,164,-1,-1,146,-1,-1,-1
Thu Apr 24 15:02:41 2025,165,-1,-1,148,-1,-1,-1
Thu Apr 24 15:02:41 2025,166,-1,-1,151,-1,-1,-1
Thu Apr 24 15:02:41 2025,167,-1,-1,152,-1,-1,-1
Thu Apr 24 15:02:41 2025,168,-1,-1,151,-1,-1,-1
Thu Apr 24 15:02:41 2025,169,-1,-1,157,-1,-1,-1
Thu Apr 24 15:02:41 2025,170,-1,-1,156,-1,-1,-1
Thu Apr 24 15:02:41 2025,171,-1,-1,157,-1,-1,-1
Thu Apr 24 15:02:41 2025,172,-1,-1,159,-1,-1,-1
Thu Apr 24 15:02:41 2025,173,-1,-1,157,-1,-1,-1
Thu Apr 24 15:02:41 2025,174,-1,-1,159,-1,-1,-1
Thu Apr 24 15:02:41 2025,175,-1,-1,160,-1,-1,-1
Thu Apr 24 15:02:41 2025,176,-1,-1,165,-1,-1,-1
Thu Apr 24 15:02:41 2025,177,-1,-1,163,-1,-1,-1
Thu Apr 24 15:02:41 2025,178,-1,-1,161,-1,-1,-1
Thu Apr 24 15:02:41 2025,179,-1,-1,166,-1,-1,-1
Thu Apr 24 15:02:41 2025,180,-1,-1,167,-1,-1,-1
Thu Apr 24 15:08:10 2025,0,-1,-1,-1,12,-1,-1
Thu Apr 24 15:08:10 2025,1,-1,-1,-1,10,-1,-1
Thu Apr 24 15:08:10 2025,2,-1,-1,-1,9,-1,-1
Thu Apr 24 15:08:10 2025,3,-1,-1,-1,11,-1,-1
Thu Apr 24 15:08:10 2025,4,-1,-1,-1,13,-1,-1
Thu Apr 24 15:08:10 2025,5,-1,-1,-1,11,-1,-1
Thu Apr 24 15:08:10 2025,6,-1,-1,-1,11,-1,-1
Thu Apr 24 15:08:10 2025,7,-1,-1,-1,11,-1,-1
Thu Apr 24 15:08:10 2025,8,-1,-1,-1,7,-1,-1
Thu Apr 24 15:08:10 2025,9,-1,-1,-1,11,-1,-1
Thu Apr 24 15:08:10 2025,10,-1,-1,-1,9,-1,-1
Thu Apr 24 15:08:10 2025,11,-1,-1,-1,12,-1,-1
Thu Apr 24 15:08:10 2025,12,-1,-1,-1,12,-1,-1
Thu Apr 24 15:08:10 2025,13,-1,-1,-1,16,-1,-1
Thu Apr 24 15:08:10 2025,14,-1,-1,-1,7,-1,-1
Thu Apr 24 15:08:10 2025,15,-1,-1,-1,12,-1,-1
Thu Apr 24 15:08:10 2025,16,-1,-1,-1,14,-1,-1
Thu Apr 24 15:08:10 2025,17,-1,-1,-1,13,-1,-1
Thu Apr 24 15:08:10 2025,18,-1,-1,-1,11,-1,-1
Thu Apr 24 15:08:10 2025,19,-1,-1,-1,17,-1,-1
Thu Apr 24 15:08:10 2025,20,-1,-1,-1,19,-1,-1
Thu Apr 24 15:08:10 2025,21,-1,-1,-1,16,-1,-1
Thu Apr 24 15:08:10 2025,22,-1,-1,-1,26,-1,-1
Thu Apr 24 15:08:10 2025,23,-1,-1,-1,25,-1,-1
Thu Apr 24 15:08:10 2025,24,-1,-1,-1,21,-1,-1
Thu Apr 24 15:08:10 2025,25,-1,-1,-1,15,-1,-1
Thu Apr 24 15:08:10 2025,26,-1,-1,-1,18,-1,-1
Thu Apr 24 15:08:10 2025,27,-1,-1,-1,28,-1,-1
Thu Apr 24 15:08:10 2025,28,-1,-1,-1,20,-1,-1
Thu Apr 24 15:08:10 2025,29,-1,-1,-1,36,-1,-1
Thu Apr 24 15:08:10 2025,30,-1,-1,-1,28,-1,-1
Thu Apr 24 15:08:10 2025,31,-1,-1,-1,26,-1,-1
Thu Apr 24 15:08:10 2025,32,-1,-1,-1,30,-1,-1
Thu Apr 24 15:08:10 2025,33,-1,-1,-1,30,-1,-1
Thu Apr 24 15:08:10 2025,34,-1,-1,-1,34,-1,-1
Thu Apr 24 15:08:10 2025,35,-1,-1,-1,28,-1,-1
Thu Apr 24 15:08:10 2025,36,-1,-1,-1,28,-1,-1
Thu Apr 24 15:08:10 2025,37,-1,-1,-1,35,-1,-1
Thu Apr 24 15:08:10 2025,38,-1,-1,-1,35,-1,-1
Thu Apr 24 15:08:10 2025,39,-1,-1,-1,27,-1,-1
Thu Apr 24 15:08:10 2025,40,-1,-1,-1,32,-1,-1
Thu Apr 24 15:08:10 2025,41,-1,-1,-1,39,-1,-1
Thu Apr 24 15:08:10 2025,42,-1,-1,-1,39,-1,-1
Thu Apr 24 15:08:10 2025,43,-1,-1,-1,37,-1,-1
Thu Apr 24 15:08:10 2025,44,-1,-1,-1,34,-1,-1
Thu Apr 24 15:08:10 2025,45,-1,-1,-1,35,-1,-1
Thu Apr 24 15:08:10 2025,46,-1,-1,-1,41,-1,-1
Thu Apr 24 15:08:10 2025,47,-1,-1,-1,43,-1,-1
Thu Apr 24 15:08:10 2025,48,-1,-1,-1,51,-1,-1
Thu Apr 24 15:08:10 2025,49,-1,-1,-1,44,-1,-1
Thu Apr 24 15:08:10 2025,50,-1,-1,-1,45,-1,-1
Thu Apr 24 15:08:10 2025,51,-1,-1,-1,46,-1,-1
Thu Apr 24 15:08:10 2025,52,-1,-1,-1,42,-1,-1
Thu Apr 24 15:08:10 2025,53,-1,-1,-1,48,-1,-1
Thu Apr 24 15:08:10 2025,54,-1,-1,-1,47,-1,-1
Thu Apr 24 15:08:10 2025,55,-1,-1,-1,47,-1,-1
Thu Apr 24 15:08:10 2025,56,-1,-1,-1,44,-1,-1
Thu Apr 24 15:08:10 2025,57,-1,-1,-1,53,-1,-1
Thu Apr 24 15:08:10 2025,58,-1,-1,-1,55,-1,-1
Thu Apr 24 15:08:10 2025,59,-1,-1,-1,57,-1,-1
Thu Apr 24 15:08:10 2025,60,-1,-1,-1,52,-1,-1
Thu Apr 24 15:08:10 2025,61,-1,-1,-1,53,-1,-1
Thu Apr 24 15:08:10 2025,62,-1,-1,-1,57,-1,-1
Thu Apr 24 15:08:10 2025,63,-1,-1,-1,55,-1,-1
Thu Apr 24 15:08:10 2025,64,-1,-1,-1,55,-1,-1
Thu Apr 24 15:08:10 2025,65,-1,-1,-1,56,-1,-1
Thu Apr 24 15:08:10 2025,66,-1,-1,-1,62,-1,-1
Thu Apr 24 15:08:10 2025,67,-1,-1,-1,59,-1,-1
Thu Apr 24 15:08:10 2025,68,-1,-1,-1,58,-1,-1
Thu Apr 24 15:08:10 2025,69,-1,-1,-1,63,-1,-1
Thu Apr 24 15:08:10 2025,70,-1,-1,-1,61,-1,-1
Thu Apr 24 15:08:10 2025,71,-1,-1,-1,72,-1,-1
Thu Apr 24 15:08:10 2025,72,-1,-1,-1,60,-1,-1
Thu Apr 24 15:08:10 2025,73,-1,-1,-1,51,-1,-1
Thu Apr 24 15:08:10 2025,74,-1,-1,-1,71,-1,-1
Thu Apr 24 15:08:10 2025,75,-1,-1,-1,58,-1,-1
Thu Apr 24 15:08:10 2025,76,-1,-1,-1,70,-1,-1
Thu Apr 24 15:08:10 2025,77,-1,-1,-1,70,-1,-1
Thu Apr 24 15:08:10 2025,78,-1,-1,-1,71,-1,-1
Thu Apr 24 15:08:10 2025,79,-1,-1,-1,69,-1,-1
Thu Apr 24 15:08:10 2025,80,-1,-1,-1,67,-1,-1
Thu Apr 24 15:08:10 2025,81,-1,-1,-1,77,-1,-1
Thu Apr 24 15:08:10 2025,82,-1,-1,-1,76,-1,-1
Thu Apr 24 15:08:10 2025,83,-1,-1,-1,77,-1,-1
Thu Apr 24 15:08:10 2025,84,-1,-1,-1,71,-1,-1
Thu Apr 24 15:08:10 2025,85,-1,-1,-1,75,-1,-1
Thu Apr 24 15:08:10 2025,86,-1,-1,-1,72,-1,-1
Thu Apr 24 15:08:10 2025,87,-1,-1,-1,79,-1,-1
Thu Apr 24 15:08:10 2025,88,-1,-1,-1,81,-1,-1
Thu Apr 24 15:08:10 2025,89,-1,-1,-1,75,-1,-1
Thu Apr 24 15:08:10 2025,90,-1,-1,-1,80,-1,-1
Thu Apr 24 15:08:10 2025,91,-1,-1,-1,83,-1,-1
Thu Apr 24 15:08:10 2025,92,-1,-1,-1,83,-1,-1
Thu Apr 24 15:08:10 2025,93,-1,-1,-1,82,-1,-1
Thu Apr 24 15:08:10 2025,94,-1,-1,-1,83,-1,-1
Thu Apr 24 15:08:10 2025,95,-1,-1,-1,88,-1,-1
Thu Apr 24 15:08:10 2025,96,-1,-1,-1,76,-1,-1
Thu Apr 24 15:08:10 2025,97,-1,-1,-1,84,-1,-1
Thu Apr 24 15:08:10 2025,98,-1,-1,-1,80,-1,-1
Thu Apr 24 15:08:10 2025,99,-1,-1,-1,84,-1,-1
Thu Apr 24 15:08:10 2025,100,-1,-1,-1,87,-1,-1
Thu Apr 24 15:08:10 2025,101,-1,-1,-1,93,-1,-1
Thu Apr 24 15:08:10 2025,102,-1,-1,-1,90,-1,-1
Thu Apr 24 15:08:10 2025,103,-1,-1,-1,88,-1,-1
Thu Apr 24 15:08:10 2025,104,-1,-1,-1,86,-1,-1
Thu Apr 24 15:08:10 2025,105,-1,-1,-1,96,-1,-1
Thu Apr 24 15:08:10 2025,106,-1,-1,-1,99,-1,-1
Thu Apr 24 15:08:10 2025,107,-1,-1,-1,93,-1,-1
Thu Apr 24 15:08:10 2025,108,-1,-1,-1,90,-1,-1
Thu Apr 24 15:08:10 2025,109,-1,-1,-1,99,-1,-1
Thu Apr 24 15:08:10 2025,110,-1,-1,-1,100,-1,-1
Thu Apr 24 15:08:10 2025,111,-1,-1,-1,97,-1,-1
Thu Apr 24 15:08:10 2025,112,-1,-1,-1,100,-1,-1
Thu Apr 24 15:08:10 2025,113,-1,-1,-1,103,-1,-1
Thu Apr 24 15:08:10 2025,114,-1,-1,-1,99,-1,-1
Thu Apr 24 15:08:10 2025,115,-1,-1,-1,104,-1,-1
Thu Apr 24 15:08:10 2025,116,-1,-1,-1,101,-1,-1
Thu Apr 24 15:08:10 2025,117,-1,-1,-1,105,-1,-1
Thu Apr 24 15:08:10 2025,118,-1,-1,-1,104,-1,-1
Thu Apr 24 15:08:10 2025,119,-1,-1,-1,105,-1,-1
Thu Apr 24 15:08:10 2025,120,-1,-1,-1,108,-1,-1
Thu Apr 24 15:08:10 2025,121,-1,-1,-1,109,-1,-1
Thu Apr 24 15:08:10 2025,122,-1,-1,-1,104,-1,-1
Thu Apr 24 15:08:10 2025,123,-1,-1,-1,114,-1,-1
Thu Apr 24 15:08:10 2025,124,-1,-1,-1,113,-1,-1
Thu Apr 24 15:08:10 2025,125,-1,-1,-1,107,-1,-1
Thu Apr 24 15:08:10 2025,126,-1,-1,-1,109,-1,-1
Thu Apr 24 15:08:10 2025,127,-1,-1,-1,114,-1,-1
Thu Apr 24 15:08:10 2025,128,-1,-1,-1,112,-1,-1
Thu Apr 24 15:08:10 2025,129,-1,-1,-1,116,-1,-1
Thu Apr 24 15:08:10 2025,130,-1,-1,-1,113,-1,-1
Thu Apr 24 15:08:10 2025,131,-1,-1,-1,117,-1,-1
Thu Apr 24 15:08:10 2025,132,-1,-1,-1,121,-1,-1
Thu Apr 24 15:08:10 2025,133,-1,-1,-1,118,-1,-1
Thu Apr 24 15:08:10 2025,134,-1,-1,-1,119,-1,-1
Thu Apr 24 15:08:10 2025,135,-1,-1,-1,122,-1,-1
Thu Apr 24 15:08:10 2025,136,-1,-1,-1,124,-1,-1
Thu Apr 24 15:08:10 2025,137,-1,-1,-1,123,-1,-1
Thu Apr 24 15:08:10 2025,138,-1,-1,-1,122,-1,-1
Thu Apr 24 15:08:10 2025,139,-1,-1,-1,126,-1,-1
Thu Apr 24 15:08:10 2025,140,-1,-1,-1,124,-1,-1
Thu Apr 24 15:08:10 2025,141,-1,-1,-1,129,-1,-1
Thu Apr 24 15:08:10 2025,142,-1,-1,-1,126,-1,-1
Thu Apr 24 15:08:10 2025,143,-1,-1,-1,132,-1,-1
Thu Apr 24 15:08:10 2025,144,-1,-1,-1,132,-1,-1
Thu Apr 24 15:08:10 2025,145,-1,-1,-1,130,-1,-1
Thu Apr 24 15:08:10 2025,146,-1,-1,-1,133,-1,-1
Thu Apr 24 15:08:10 2025,147,-1,-1,-1,134,-1,-1
Thu Apr 24 15:08:10 2025,148,-1,-1,-1,135,-1,-1
Thu Apr 24 15:08:10 2025,149,-1,-1,-1,135,-1,-1
Thu Apr 24 15:08:10 2025,150,-1,-1,-1,136,-1,-1
Thu Apr 24 15:08:10 2025,151,-1,-1,-1,139,-1,-1
Thu Apr 24 15:08:10 2025,152,-1,-1,-1,139,-1,-1
Thu Apr 24 15:08:10 2025,153,-1,-1,-1,141,-1,-1
Thu Apr 24 15:08:10 2025,154,-1,-1,-1,141,-1,-1
Thu Apr 24 15:08:10 2025,155,-1,-1,-1,142,-1,-1
Thu Apr 24 15:08:10 2025,156,-1,-1,-1,143,-1,-1
Thu Apr 24 15:08:10 2025,157,-1,-1,-1,144,-1,-1
Thu Apr 24 15:08:10 2025,158,-1,-1,-1,144,-1,-1
Thu Apr 24 15:08:10 2025,159,-1,-1,-1,145,-1,-1
Thu Apr 24 15:08:10 2025,160,-1,-1,-1,146,-1,-1
Thu Apr 24 15:08:10 2025,161,-1,-1,-1,146,-1,-1
Thu Apr 24 15:08:10 2025,162,-1,-1,-1,148,-1,-1
Thu Apr 24 15:08:10 2025,163,-1,-1,-1,150,-1,-1
Thu Apr 24 15:08:10 2025,164,-1,-1,-1,150,-1,-1
Thu Apr 24 15:08:10 2025,165,-1,-1,-1,152,-1,-1
Thu Apr 24 15:08:10 2025,166,-1,-1,-1,155,-1,-1
Thu Apr 24 15:08:10 2025,167,-1,-1,-1,154,-1,-1
Thu Apr 24 15:08:10 2025,168,-1,-1,-1,154,-1,-1
Thu Apr 24 15:08:10 2025,169,-1,-1,-1,156,-1,-1
Thu Apr 24 15:08:10 2025,170,-1,-1,-1,160,-1,-1
Thu Apr 24 15:08:10 2025,171,-1,-1,-1,157,-1,-1
Thu Apr 24 15:08:10 2025,172,-1,-1,-1,159,-1,-1
Thu Apr 24 15:08:10 2025,173,-1,-1,-1,156,-1,-1
Thu Apr 24 15:08:10 2025,174,-1,-1,-1,161,-1,-1
Thu Apr 24 15:08:10 2025,175,-1,-1,-1,161,-1,-1
Thu Apr 24 15:08:10 2025,176,-1,-1,-1,159,-1,-1
Thu Apr 24 15:08:10 2025,177,-1,-1,-1,158,-1,-1
Thu Apr 24 15:08:10 2025,178,-1,-1,-1,157,-1,-1
Thu Apr 24 15:08:10 2025,179,-1,-1,-1,158,-1,-1
Thu Apr 24 15:08:10 2025,180,-1,-1,-1,165,-1,-1
Thu Apr 24 15:13:32 2025,0,91,-1,-1,-1,-1,-1
Thu Apr 24 15:13:32 2025,1,89,-1,-1,-1,-1,-1
Thu Apr 24 15:13:32 2025,2,90,-1,-1,-1,-1,-1
Thu Apr 24 15:13:32 2025,3,84,-1,-1,-1,-1,-1
Thu Apr 24 15:13:32 2025,4,86,-1,-1,-1,-1,-1
Thu Apr 24 15:13:32 2025,5,82,-1,-1,-1,-1,-1
Thu Apr 24 15:13:32 2025,6,82,-1,-1,-1,-1,-1
Thu Apr 24 15:13:32 2025,7,85,-1,-1,-1,-1,-1
Thu Apr 24 15:13:32 2025,8,81,-1,-1,-1,-1,-1
Thu Apr 24 15:13:32 2025,9,77,-1,-1,-1,-1,-1
Thu Apr 24 15:13:32 2025,10,81,-1,-1,-1,-1,-1
Thu Apr 24 15:13:32 2025,11,81,-1,-1,-1,-1,-1
Thu Apr 24 15:13:32 2025,12,77,-1,-1,-1,-1,-1
Thu Apr 24 15:13:32 2025,13,77,-1,-1,-1,-1,-1
Thu Apr 24 15:13:32 2025,14,77,-1,-1,-1,-1,-1
Thu Apr 24 15:13:32 2025,15,76,-1,-1,-1,-1,-1
Thu Apr 24 15:13:32 2025,16,75,-1,-1,-1,-1,-1
Thu Apr 24 15:13:32 2025,17,75,-1,-1,-1,-1,-1
Thu Apr 24 15:13:32 2025,18,73,-1,-1,-1,-1,-1
Thu Apr 24 15:13:32 2025,19,74,-1,-1,-1,-1,-1
Thu Apr 24 15:13:32 2025,20,73,-1,-1,-1,-1,-1
Thu Apr 24 15:13:32 2025,21,73,-1,-1,-1,-1,-1
Thu Apr 24 15:13:32 2025,22,74,-1,-1,-1,-1,-1
Thu Apr 24 15:13:32 2025,23,71,-1,-1,-1,-1,-1
Thu Apr 24 15:13:32 2025,24,70,-1,-1,-1,-1,-1
Thu Apr 24 15:13:32 2025,25,68,-1,-1,-1,-1,-1
Thu Apr 24 15:13:32 2025,26,71,-1,-1,-1,-1,-1
Thu Apr 24 15:13:32 2025,27,67,-1,-1,-1,-1,-1
Thu Apr 24 15:13:32 2025,28,72,-1,-1,-1,-1,-1
Thu Apr 24 15:13:32 2025,29,65,-1,-1,-1,-1,-1
Thu Apr 24 15:13:32 2025,30,64,-1,-1,-1,-1,-1
Thu Apr 24 15:13:32 2025,31,65,-1,-1,-1,-1,-1
Thu Apr 24 15:13:32 2025,32,63,-1,-1,-1,-1,-1
Thu Apr 24 15:13:32 2025,33,61,-1,-1,-1,-1,-1
Thu Apr 24 15:13:32 2025,34,60,-1,-1,-1,-1,-1
Thu Apr 24 15:13:32 2025,35,63,-1,-1,-1,-1,-1
Thu Apr 24 15:13:32 2025,36,63,-1,-1,-1,-1,-1
Thu Apr 24 15:13:32 2025,37,58,-1,-1,-1,-1,-1
Thu Apr 24 15:13:32 2025,38,60,-1,-1,-1,-1,-1
Thu Apr 24 15:13:32 2025,39,60,-1,-1,-1,-1,-1
Thu Apr 24 15:13:32 2025,40,56,-1,-1,-1,-1,-1
Thu Apr 24 15:13:32 2025,41,53,-1,-1,-1,-1,-1
Thu Apr 24 15:13:32 2025,42,54,-1,-1,-1,-1,-1
Thu Apr 24 15:13:32 2025,43,51,-1,-1,-1,-1,-1
Thu Apr 24 15:13:32 2025,44,52,-1,-1,-1,-1,-1
Thu Apr 24 15:13:32 2025,45,52,-1,-1,-1,-1,-1
Thu Apr 24 15:13:32 2025,46,49,-1,-1,-1,-1,-1
Thu Apr 24 15:13:32 2025,47,46,-1,-1,-1,-1,-1
Thu Apr 24 15:13:32 2025,48,47,-1,-1,-1,-1,-1
Thu Apr 24 15:13:32 2025,49,46,-1,-1,-1,-1,-1
Thu Apr 24 15:13:32 2025,50,47,-1,-1,-1,-1,-1
Thu Apr 24 15:13:32 2025,51,43,-1,-1,-1,-1,-1
Thu Apr 24 15:13:32 2025,52,41,-1,-1,-1,-1,-1
Thu Apr 24 15:13:32 2025,53,43,-1,-1,-1,-1,-1
Thu Apr 24 15:13:32 2025,54,40,-1,-1,-1,-1,-1
Thu Apr 24 15:13:32 2025,55,40,-1,-1,-1,-1,-1
Thu Apr 24 15:13:32 2025,56,37,-1,-1,-1,-1,-1
Thu Apr 24 15:13:32 2025,57,34,-1,-1,-1,-1,-1
Thu Apr 24 15:13:32 2025,58,35,-1,-1,-1,-1,-1
Thu Apr 24 15:13:32 2025,59,32,-1,-1,-1,-1,-1
Thu Apr 24 15:13:32 2025,60,35,-1,-1,-1,-1,-1
Thu Apr 24 15:13:32 2025,61,33,-1,-1,-1,-1,-1
Thu Apr 24 15:13:32 2025,62,35,-1,-1,-1,-1,-1
Thu Apr 24 15:13:32 2025,63,28,-1,-1,-1,-1,-1
Thu Apr 24 15:13:32 2025,64,33,-1,-1,-1,-1,-1
Thu Apr 24 15:13:32 2025,65,23,-1,-1,-1,-1,-1
Thu Apr 24 15:13:32 2025,66,27,-1,-1,-1,-1,-1
Thu Apr 24 15:13:32 2025,67,29,-1,-1,-1,-1,-1
Thu Apr 24 15:13:32 2025,68,26,-1,-1,-1,-1,-1
Thu Apr 24 15:13:32 2025,69,25,-1,-1,-1,-1,-1
Thu Apr 24 15:13:32 2025,70,25,-1,-1,-1,-1,-1
Thu Apr 24 15:13:32 2025,71,25,-1,-1,-1,-1,-1
Thu Apr 24 15:13:32 2025,72,22,-1,-1,-1,-1,-1
Thu Apr 24 15:13:32 2025,73,22,-1,-1,-1,-1,-1
Thu Apr 24 15:13:32 2025,74,23,-1,-1,-1,-1,-1
Thu Apr 24 15:13:32 2025,75,20,-1,-1,-1,-1,-1
Thu Apr 24 15:13:32 2025,76,21,-1,-1,-1,-1,-1
Thu Apr 24 15:13:32 2025,77,20,-1,-1,-1,-1,-1
Thu Apr 24 15:13:32 2025,78,18,-1,-1,-1,-1,-1
Thu Apr 24 15:13:32 2025,79,18,-1,-1,-1,-1,-1
Thu Apr 24 15:13:32 2025,80,15,-1,-1,-1,-1,-1
Thu Apr 24 15:13:32 2025,81,16,-1,-1,-1,-1,-1
Thu Apr 24 15:13:32 2025,82,17,-1,-1,-1,-1,-1
Thu Apr 24 15:13:32 2025,83,15,-1,-1,-1,-1,-1
Thu Apr 24 15:13:32 2025,84,15,-1,-1,-1,-1,-1
Thu Apr 24 15:13:32 2025,85,14,-1,-1,-1,-1,-1
Thu Apr 24 15:13:32 2025,86,14,-1,-1,-1,-1,-1
Thu Apr 24 15:13:32 2025,87,13,-1,-1,-1,-1,-1
Thu Apr 24 15:13:32 2025,88,13,-1,-1,-1,-1,-1
Thu Apr 24 15:13:32 2025,89,13,-1,-1,-1,-1,-1
Thu Apr 24 15:13:32 2025,90,13,-1,-1,-1,-1,-1
Thu Apr 24 15:13:32 2025,91,13,-1,-1,-1,-1,-1
Thu Apr 24 15:13:32 2025,92,14,-1,-1,-1,-1,-1
Thu Apr 24 15:13:32 2025,93,14,-1,-1,-1,-1,-1
Thu Apr 24 15:13:32 2025,94,13,-1,-1,-1,-1,-1
Thu Apr 24 15:13:32 2025,95,13,-1,-1,-1,-1,-1
Thu Apr 24 15:13:32 2025,96,14,-1,-1,-1,-1,-1
Thu Apr 24 15:13:32 2025,97,20,-1,-1,-1,-1,-1
Thu Apr 24 15:13:32 2025,98,15,-1,-1,-1,-1,-1
Thu Apr 24 15:13:32 2025,99,16,-1,-1,-1,-1,-1
Thu Apr 24 15:13:32 2025,100,17,-1,-1,-1,-1,-1
Thu Apr 24 15:13:32 2025,101,17,-1,-1,-1,-1,-1
Thu Apr 24 15:13:32 2025,102,19,-1,-1,-1,-1,-1
Thu Apr 24 15:13:32 2025,103,18,-1,-1,-1,-1,-1
Thu Apr 24 15:13:32 2025,104,18,-1,-1,-1,-1,-1
Thu Apr 24 15:13:32 2025,105,20,-1,-1,-1,-1,-1
Thu Apr 24 15:13:32 2025,106,20,-1,-1,-1,-1,-1
Thu Apr 24 15:13:32 2025,107,20,-1,-1,-1,-1,-1
Thu Apr 24 15:13:32 2025,108,21,-1,-1,-1,-1,-1
Thu Apr 24 15:13:32 2025,109,20,-1,-1,-1,-1,-1
Thu Apr 24 15:13:32 2025,110,21,-1,-1,-1,-1,-1
Thu Apr 24 15:13:32 2025,111,23,-1,-1,-1,-1,-1
Thu Apr 24 15:13:32 2025,112,23,-1,-1,-1,-1,-1
Thu Apr 24 15:13:32 2025,113,24,-1,-1,-1,-1,-1
Thu Apr 24 15:13:32 2025,114,22,-1,-1,-1,-1,-1
Thu Apr 24 15:13:32 2025,115,26,-1,-1,-1,-1,-1
Thu Apr 24 15:13:32 2025,116,26,-1,-1,-1,-1,-1
Thu Apr 24 15:13:32 2025,117,35,-1,-1,-1,-1,-1
Thu Apr 24 15:13:32 2025,118,28,-1,-1,-1,-1,-1
Thu Apr 24 15:13:32 2025,119,29,-1,-1,-1,-1,-1
Thu Apr 24 15:13:32 2025,120,30,-1,-1,-1,-1,-1
Thu Apr 24 15:13:32 2025,121,32,-1,-1,-1,-1,-1
Thu Apr 24 15:13:32 2025,122,32,-1,-1,-1,-1,-1
Thu Apr 24 15:13:32 2025,123,34,-1,-1,-1,-1,-1
Thu Apr 24 15:13:32 2025,124,35,-1,-1,-1,-1,-1
Thu Apr 24 15:13:32 2025,125,37,-1,-1,-1,-1,-1
Thu Apr 24 15:13:32 2025,126,37,-1,-1,-1,-1,-1
Thu Apr 24 15:13:32 2025,127,37,-1,-1,-1,-1,-1
Thu Apr 24 15:13:32 2025,128,39,-1,-1,-1,-1,-1
Thu Apr 24 15:13:32 2025,129,39,-1,-1,-1,-1,-1
Thu Apr 24 15:13:32 2025,130,41,-1,-1,-1,-1,-1
Thu Apr 24 15:13:32 2025,131,43,-1,-1,-1,-1,-1
Thu Apr 24 15:13:32 2025,132,44,-1,-1,-1,-1,-1
Thu Apr 24 15:13:32 2025,133,45,-1,-1,-1,-1,-1
Thu Apr 24 15:13:32 2025,134,46,-1,-1,-1,-1,-1
Thu Apr 24 15:13:32 2025,135,47,-1,-1,-1,-1,-1
Thu Apr 24 15:13:32 2025,136,49,-1,-1,-1,-1,-1
Thu Apr 24 15:13:32 2025,137,49,-1,-1,-1,-1,-1
Thu Apr 24 15:13:32 2025,138,51,-1,-1,-1,-1,-1
Thu Apr 24 15:13:32 2025,139,52,-1,-1,-1,-1,-1
Thu Apr 24 15:13:32 2025,140,52,-1,-1,-1,-1,-1
Thu Apr 24 15:13:32 2025,141,53,-1,-1,-1,-1,-1
Thu Apr 24 15:13:32 2025,142,51,-1,-1,-1,-1,-1
Thu Apr 24 15:13:32 2025,143,55,-1,-1,-1,-1,-1
Thu Apr 24 15:13:32 2025,144,56,-1,-1,-1,-1,-1
Thu Apr 24 15:13:32 2025,145,57,-1,-1,-1,-1,-1
Thu Apr 24 15:13:32 2025,146,57,-1,-1,-1,-1,-1
Thu Apr 24 15:13:32 2025,147,58,-1,-1,-1,-1,-1
Thu Apr 24 15:13:32 2025,148,60,-1,-1,-1,-1,-1
Thu Apr 24 15:13:32 2025,149,61,-1,-1,-1,-1,-1
Thu Apr 24 15:13:32 2025,150,61,-1,-1,-1,-1,-1
Thu Apr 24 15:13:32 2025,151,59,-1,-1,-1,-1,-1
Thu Apr 24 15:13:32 2025,152,63,-1,-1,-1,-1,-1
Thu Apr 24 15:13:32 2025,153,64,-1,-1,-1,-1,-1
Thu Apr 24 15:13:32 2025,154,67,-1,-1,-1,-1,-1
Thu Apr 24 15:13:32 2025,155,67,-1,-1,-1,-1,-1
Thu Apr 24 15:13:32 2025,156,68,-1,-1,-1,-1,-1
Thu Apr 24 15:13:32 2025,157,68,-1,-1,-1,-1,-1
Thu Apr 24 15:13:32 2025,158,69,-1,-1,-1,-1,-1
Thu Apr 24 15:13:32 2025,159,71,-1,-1,-1,-1,-1
Thu Apr 24 15:13:32 2025,160,73,-1,-1,-1,-1,-1
Thu Apr 24 15:13:32 2025,161,75,-1,-1,-1,-1,-1
Thu Apr 24 15:13:32 2025,162,75,-1,-1,-1,-1,-1
Thu Apr 24 15:13:32 2025,163,75,-1,-1,-1,-1,-1
Thu Apr 24 15:13:32 2025,164,77,-1,-1,-1,-1,-1
Thu Apr 24 15:13:32 2025,165,80,-1,-1,-1,-1,-1
Thu Apr 24 15:13:32 2025,166,79,-1,-1,-1,-1,-1
Thu Apr 24 15:13:32 2025,167,82,-1,-1,-1,-1,-1
Thu Apr 24 15:13:32 2025,168,81,-1,-1,-1,-1,-1
Thu Apr 24 15:13:32 2025,169,83,-1,-1,-1,-1,-1
Thu Apr 24 15:13:32 2025,170,82,-1,-1,-1,-1,-1
Thu Apr 24 15:13:32 2025,171,85,-1,-1,-1,-1,-1
Thu Apr 24 15:13:32 2025,172,86,-1,-1,-1,-1,-1
Thu Apr 24 15:13:32 2025,173,87,-1,-1,-1,-1,-1
Thu Apr 24 15:13:32 2025,174,90,-1,-1,-1,-1,-1
Thu Apr 24 15:13:32 2025,175,88,-1,-1,-1,-1,-1
Thu Apr 24 15:13:32 2025,176,92,-1,-1,-1,-1,-1
Thu Apr 24 15:13:32 2025,177,95,-1,-1,-1,-1,-1
Thu Apr 24 15:13:32 2025,178,91,-1,-1,-1,-1,-1
Thu Apr 24 15:13:32 2025,179,92,-1,-1,-1,-1,-1
Thu Apr 24 15:13:32 2025,180,95,-1,-1,-1,-1,-1
