numSubProcesses,iteration number,init prep,sum amplitude,sum phaseVector,define BMP_sys,get colour scale,define pixel col,Process time,absolute calc totalTime
1,0,0.0156,1.30593,1.33032,0.351776,1.0658,0.000755,6541,6541
1,1,0.008541,1.22757,1.2513,0.289177,1.0211,0.000834,6169,6169
1,2,0.01347,1.25272,1.28259,0.018672,1.06008,0.000996,5687,5687
1,3,0.015048,1.21646,1.24477,0.018565,1.0613,0.001128,5551,5551
1,4,0.015597,1.20702,1.23728,0.017498,1.05652,0.00092,5509,5509
1,5,0.014564,1.20524,1.2341,0.0174,1.05264,0.000851,5490,5490
1,6,0.013423,1.19859,1.22603,0.017292,1.04955,0.000953,5471,5471
1,7,0.014656,1.22094,1.24974,0.017283,1.07041,0.000966,5600,5600
1,8,0.014342,1.20458,1.23135,0.017455,1.04915,0.000649,5477,5477
1,9,0.015214,1.21213,1.24085,0.019406,1.05911,0.001005,5525,5525
1,10,0.014687,1.21327,1.23616,0.017015,1.05601,0.000815,5512,5512
1,11,0.012518,1.19681,1.22204,0.017401,1.05186,0.001121,5472,5472
1,12,0.013981,1.21519,1.23695,0.017649,1.05726,0.000922,5534,5534
1,13,0.015686,1.23622,1.26879,0.017409,1.07019,0.001199,5661,5661
1,14,0.017473,1.22728,1.25195,0.018631,1.06412,0.000954,5578,5578
1,15,0.014373,1.20499,1.23742,0.017151,1.05553,0.000896,5509,5509
1,16,0.014567,1.20649,1.23636,0.016987,1.05698,0.000722,5502,5502
1,17,0.013029,1.19219,1.22263,0.016047,1.04766,0.000921,5461,5461
1,18,0.014531,1.20951,1.23707,0.017641,1.06679,0.00065,5564,5564
1,19,0.013569,1.19144,1.21544,0.015761,1.04381,0.00082,5430,5430
1,20,0.014894,1.20607,1.22833,0.015967,1.05724,0.000932,5497,5497
1,21,0.014856,1.20829,1.23867,0.017322,1.05195,0.000779,5502,5502
1,22,0.016817,1.23934,1.26596,0.019279,1.07112,0.000748,5640,5640
1,23,0.015497,1.2091,1.24151,0.018304,1.05966,0.000891,5528,5528
1,24,0.015137,1.23849,1.27115,0.019486,1.07915,0.000817,5670,5670
1,25,0.015234,1.21166,1.2447,0.016883,1.05819,0.000996,5537,5537
1,26,0.016977,1.23468,1.25973,0.020087,1.06677,0.000853,5605,5605
1,27,0.013959,1.22395,1.24894,0.019125,1.06363,0.002095,5566,5566
1,28,0.01427,1.20027,1.22814,0.017633,1.05335,0.000813,5488,5488
1,29,0.013295,1.20605,1.22925,0.017114,1.05402,0.000667,5490,5490
1,30,0.013813,1.2113,1.23809,0.018433,1.06307,0.00097,5546,5546
1,31,0.016167,1.20625,1.23747,0.019215,1.05502,0.000915,5502,5502
1,32,0.012771,1.1973,1.22503,0.018353,1.04776,0.001102,5463,5463
1,33,0.015201,1.20791,1.23484,0.018754,1.05731,0.000997,5514,5514
1,34,0.016157,1.2531,1.28867,0.021625,1.07892,0.001526,5722,5722
1,35,0.013491,1.21014,1.23659,0.017786,1.05843,0.000839,5538,5538
1,36,0.015121,1.23385,1.27263,0.018908,1.07325,0.000781,5637,5637
1,37,0.015029,1.19833,1.22657,0.018135,1.05319,0.000939,5475,5475
1,38,0.015295,1.20076,1.23082,0.01826,1.06404,0.000908,5502,5502
1,39,0.013959,1.18789,1.20736,0.016546,1.04805,0.000765,5436,5436
1,40,0.01392,1.19976,1.23337,0.017832,1.05394,0.00141,5484,5484
1,41,0.015016,1.20678,1.23297,0.017155,1.05098,0.001253,5505,5505
1,42,0.014616,1.20407,1.2343,0.017813,1.05793,0.000987,5503,5503
1,43,0.014142,1.21169,1.23953,0.018189,1.05916,0.000992,5529,5529
1,44,0.01549,1.20198,1.22992,0.018014,1.05461,0.000889,5485,5485
1,45,0.01398,1.20187,1.22985,0.017867,1.05058,0.00099,5478,5478
1,46,0.014871,1.20574,1.22762,0.016743,1.05473,0.000842,5475,5475
1,47,0.013757,1.21209,1.23638,0.017096,1.06137,0.000992,5548,5548
1,48,0.015692,1.2467,1.27597,0.01764,1.07038,0.00083,5666,5666
1,49,0.014768,1.20217,1.23055,0.017804,1.05831,0.001213,5498,5498
1,50,0.016237,1.22006,1.2431,0.018799,1.05915,0.000954,5553,5553
1,51,0.018836,1.31161,1.34957,0.327947,1.07578,0.00087,6534,6534
1,52,0.013883,1.2553,1.28514,0.283867,1.04896,0.001002,6288,6288
1,53,0.015549,1.21267,1.24241,0.020238,1.05668,0.000745,5516,5516
1,54,0.012829,1.19385,1.21975,0.016771,1.0434,0.000589,5439,5439
1,55,0.013588,1.21198,1.24615,0.017156,1.05277,0.001094,5518,5518
1,56,0.014946,1.20283,1.22768,0.016134,1.04432,0.001142,5446,5446
1,57,0.012732,1.19531,1.22208,0.016484,1.04141,0.001044,5436,5436
1,58,0.014369,1.20759,1.23645,0.016446,1.05323,0.001456,5498,5498
1,59,0.015139,1.19963,1.22863,0.018273,1.04778,0.001199,5460,5460
1,60,0.013497,1.20132,1.2318,0.016988,1.04911,0.001051,5454,5454
1,61,0.016993,1.21147,1.23849,0.017383,1.0535,0.000685,5510,5510
1,62,0.01633,1.21021,1.2426,0.016727,1.0568,0.001203,5522,5522
1,63,0.015252,1.19566,1.22766,0.017882,1.05031,0.001005,5460,5460
1,64,0.014909,1.23241,1.26334,0.01682,1.0674,0.000802,5614,5614
1,65,0.01208,1.21184,1.23783,0.01402,1.04065,0.000971,5488,5488
1,66,0.012923,1.21305,1.24226,0.01761,1.05221,0.000838,5533,5533
1,67,0.013984,1.20397,1.22954,0.017294,1.05031,0.001107,5474,5474
1,68,0.01634,1.23924,1.27029,0.017899,1.06586,0.000899,5643,5643
1,69,0.019057,1.28042,1.29489,0.021081,1.09751,0.004448,5755,5755
1,70,0.013666,1.2129,1.2388,0.016344,1.05476,0.000822,5509,5509
1,71,0.015765,1.19168,1.21954,0.015592,1.04608,0.000776,5432,5432
1,72,0.014125,1.2021,1.2334,0.016693,1.04554,0.000776,5465,5465
1,73,0.017524,1.22167,1.25423,0.019228,1.06224,0.001265,5566,5566
1,74,0.014249,1.19525,1.22185,0.015677,1.0422,0.001021,5424,5424
1,75,0.014751,1.21714,1.25573,0.018137,1.0614,0.000774,5568,5568
1,76,0.01326,1.18786,1.21397,0.017308,1.03515,0.001192,5397,5397
1,77,0.014967,1.21162,1.24153,0.018173,1.05502,0.00117,5508,5508
1,78,0.019594,1.23628,1.27613,0.02076,1.07631,0.0012,5633,5633
1,79,0.01365,1.21189,1.24493,0.015957,1.03857,0.00059,5516,5516
1,80,0.013997,1.19787,1.22812,0.017338,1.03958,0.001126,5437,5437
1,81,0.015946,1.21348,1.25273,0.016691,1.06166,0.001031,5564,5564
1,82,0.013749,1.19351,1.23033,0.018633,1.04474,0.000993,5447,5447
1,83,0.013215,1.19365,1.22078,0.017447,1.04484,0.001216,5432,5432
1,84,0.017305,1.25378,1.29229,0.017382,1.06549,0.000929,5680,5680
1,85,0.013851,1.20663,1.24116,0.019571,1.04787,0.001029,5498,5498
1,86,0.015954,1.20754,1.24056,0.018522,1.05048,0.001068,5493,5493
1,87,0.014142,1.20572,1.23136,0.016307,1.04497,0.001153,5479,5479
1,88,0.015194,1.21117,1.2445,0.017916,1.05652,0.000841,5519,5520
1,89,0.012803,1.1993,1.22502,0.018431,1.04822,0.001131,5483,5483
1,90,0.014068,1.20903,1.24575,0.016653,1.055,0.000847,5526,5526
1,91,0.013561,1.18789,1.21704,0.019096,1.03998,0.001463,5414,5414
1,92,0.015049,1.20341,1.23166,0.017852,1.04193,0.000896,5455,5455
1,93,0.014791,1.22728,1.26266,0.020804,1.06594,0.00117,5614,5614
1,94,0.017697,1.22168,1.2522,0.019988,1.05867,0.001113,5558,5558
1,95,0.017909,1.26186,1.29639,0.020477,1.06884,0.00116,5723,5723
1,96,0.015791,1.25136,1.28763,0.021334,1.0549,0.001053,5679,5679
1,97,0.011771,1.18514,1.2135,0.015333,1.01362,0.001098,5391,5391
1,98,0.012047,1.1981,1.22584,0.017045,1.02093,0.000782,5445,5445
1,99,0.019452,1.36911,1.40617,0.023048,1.10278,0.001524,6148,6148
1,100,0.013943,1.25747,1.29226,0.01837,1.06117,0.000924,5703,5703
2,0,0.044298,1.03396,1.09055,0.401621,0.838979,0.000456,4737.5,4750
2,1,0.044424,1.04725,1.10327,0.413865,0.843776,0.0004095,4777,4804
2,2,0.0450275,1.02153,1.08206,0.0109395,0.796944,0.0004015,4240,4257
2,3,0.0398865,0.993403,1.04902,0.0133145,0.767827,0.0003315,4135,4152
2,4,0.052057,1.04872,1.10685,0.039754,0.825596,0.0009895,4357,4388
2,5,0.050317,1.03987,1.09987,0.059706,0.817287,0.001186,4355.5,4377
2,6,0.050302,1.04298,1.1018,0.025362,0.818623,0.0008295,4323,4328
2,7,0.050276,1.03908,1.09978,0.0111325,0.809489,0.0004105,4284.5,4290
2,8,0.04555,1.0235,1.08551,0.0096775,0.796331,0.000608,4236.5,4244
2,9,0.068991,1.09678,1.16323,0.015157,0.865356,0.0006285,4521.5,4559
2,10,0.0768585,1.09487,1.14599,0.0108525,0.937733,0.000431,4553.5,4580
2,11,0.058419,1.08707,1.14975,0.011672,0.854119,0.000593,4460,4468
2,12,0.0506465,1.03365,1.09595,0.010272,0.817048,0.000374,4288.5,4317
2,13,0.0514205,1.04455,1.10658,0.0093475,0.818852,0.0003715,4320,4328
2,14,0.0442515,1.01877,1.07811,0.010636,0.794433,0.0004755,4222.5,4233
2,15,0.0470025,1.02748,1.09932,0.0103535,0.803473,0.0005495,4271,4272
2,16,0.04693,1.03181,1.09126,0.0102005,0.806397,0.0006375,4264.5,4266
2,17,0.044973,1.02109,1.08615,0.0098465,0.798744,0.0004995,4234.5,4236
2,18,0.0485715,1.03862,1.09693,0.0100445,0.810774,0.000497,4280.5,4283
2,19,0.045793,1.01815,1.07939,0.009952,0.802508,0.0006145,4226.5,4231
2,20,0.0485225,1.03308,1.09738,0.0094045,0.809029,0.000547,4279,4288
2,21,0.045843,1.02488,1.08591,0.0105445,0.799218,0.0004265,4242.5,4268
2,22,0.044535,1.00956,1.07542,0.0096525,0.788741,0.000385,4193.5,4209
2,23,0.048242,1.03061,1.08983,0.010914,0.811887,0.000496,4268,4280
2,24,0.045546,1.01907,1.08375,0.0109705,0.794691,0.000595,4232,4238
2,25,0.046884,1.02586,1.08568,0.0103795,0.802137,0.000516,4241.5,4246
2,26,0.0446275,1.02284,1.09192,0.0103735,0.801635,0.0004405,4246,4257
2,27,0.045438,1.02727,1.09061,0.0100915,0.796844,0.000607,4248.5,4251
2,28,0.049303,1.04035,1.09761,0.009776,0.814599,0.0005135,4287,4299
2,29,0.0464965,1.02144,1.07776,0.0101365,0.794146,0.0004895,4224.5,4235
2,30,0.0493785,1.03598,1.10509,0.01048,0.816126,0.000455,4296.5,4305
2,31,0.0449235,1.01055,1.07231,0.0095605,0.793725,0.0004915,4203,4205
2,32,0.045327,1.02001,1.07858,0.010501,0.793535,0.0005075,4217,4225
2,33,0.050521,1.03547,1.09349,0.0100865,0.808194,0.000476,4272,4297
2,34,0.0467265,1.02937,1.08749,0.009037,0.803863,0.0003775,4248.5,4255
2,35,0.050038,1.04839,1.10421,0.0096215,0.816817,0.000559,4312,4322
2,36,0.050202,1.0377,1.09926,0.009959,0.810816,0.000737,4288,4298
2,37,0.052681,1.0507,1.11287,0.011657,0.830061,0.0008275,4339,4344
2,38,0.046718,1.0209,1.07956,0.009814,0.800349,0.0004575,4227,4238
2,39,0.046757,1.0252,1.08448,0.0104655,0.80174,0.0006165,4245,4256
2,40,0.048408,1.04527,1.09923,0.0112015,0.814083,0.0007525,4298.5,4301
2,41,0.044812,1.02251,1.08017,0.010733,0.796159,0.000613,4232,4242
2,42,0.0462045,1.01939,1.08652,0.010075,0.801737,0.0004165,4232.5,4237
2,43,0.052871,1.04086,1.10665,0.010422,0.816393,0.000474,4306.5,4318
2,44,0.0459745,1.02504,1.08129,0.0101165,0.794936,0.0005455,4233,4234
2,45,0.046155,1.02034,1.08065,0.010074,0.798901,0.0005125,4226.5,4228
2,46,0.0444865,1.0182,1.08321,0.010247,0.795695,0.000341,4222,4233
2,47,0.044644,1.01597,1.08077,0.0104335,0.79726,0.0005355,4226,4227
2,48,0.045801,1.0202,1.08797,0.009689,0.799497,0.0004515,4240.5,4244
2,49,0.0478035,1.03063,1.08425,0.0111785,0.806501,0.0008175,4256,4291
2,50,0.048871,1.03477,1.09708,0.0099835,0.807726,0.0004895,4278.5,4292
2,51,0.0543865,1.05175,1.1148,0.010664,0.831927,0.000455,4349,4351
2,52,0.0506735,1.03917,1.09687,0.010453,0.813541,0.0004695,4289.5,4291
2,53,0.0455815,1.01738,1.08261,0.0103965,0.800059,0.0005945,4225.5,4237
2,54,0.0485735,1.03115,1.09104,0.0102775,0.809554,0.000361,4260,4264
2,55,0.043391,1.01935,1.07504,0.009557,0.792202,0.00054,4211,4220
2,56,0.045005,1.02218,1.07802,0.0101845,0.796903,0.000498,4222.5,4238
2,57,0.042471,1.00692,1.06439,0.0095145,0.788802,0.0005095,4185,4188
2,58,0.0519495,1.04654,1.10463,0.0098875,0.822453,0.000672,4313.5,4314
2,59,0.0450195,1.02345,1.08472,0.009989,0.79898,0.0005205,4237,4243
2,60,0.043632,0.944681,1.02996,0.0108055,0.783092,0.0003695,4104,4109
2,61,0.0465045,0.965812,1.04508,0.010564,0.796081,0.0006355,4164,4167
2,62,0.0434045,0.94658,1.02645,0.010787,0.787372,0.0006305,4106,4138
2,63,0.04211,0.954247,1.04243,0.0101925,0.775457,0.0006795,4113.5,4118
2,64,0.045704,0.961383,1.04349,0.0101115,0.790594,0.000632,4148,4150
2,65,0.0461645,0.952203,1.04114,0.009923,0.785979,0.000489,4128,4135
2,66,0.048254,0.973975,1.05983,0.0096385,0.797685,0.0005745,4185,4197
2,67,0.0416825,0.936957,1.02676,0.009622,0.766768,0.000483,4071.5,4101
2,68,0.043012,0.949494,1.03953,0.0106265,0.776082,0.000527,4113.5,4121
2,69,0.0440945,0.940625,1.02003,0.009211,0.774833,0.000536,4074,4089
2,70,0.045604,0.95863,1.05217,0.011485,0.78343,0.000482,4151.5,4161
2,71,0.0463775,0.952554,1.03437,0.009922,0.781858,0.0005815,4117.5,4125
2,72,0.0421835,0.943006,1.01905,0.009525,0.769745,0.000504,4075,4083
2,73,0.047443,0.964603,1.04895,0.0107545,0.790925,0.0004555,4163.5,4166
2,74,0.043474,0.937567,1.03092,0.0100145,0.771883,0.000516,4080.5,4111
2,75,0.045064,0.953959,1.03912,0.010549,0.780134,0.000558,4121.5,4129
2,76,0.0434535,0.949879,1.02913,0.009901,0.772798,0.000651,4096.5,4107
2,77,0.0428165,0.947029,1.02513,0.0118825,0.77205,0.0004965,4088,4100
2,78,0.044821,0.94618,1.03089,0.009878,0.783045,0.0005515,4106.5,4126
2,79,0.0417215,0.942022,1.04416,0.010404,0.769612,0.0004215,4096,4107
2,80,0.046547,0.964732,1.04874,0.010725,0.788323,0.000473,4157,4175
2,81,0.048964,0.968881,1.05478,0.010629,0.792403,0.000411,4181.5,4186
2,82,0.0436075,0.947295,1.03393,0.0101145,0.774313,0.0006495,4105,4121
2,83,0.045692,0.952443,1.03515,0.011394,0.784687,0.000517,4133,4145
2,84,0.041764,0.939491,1.02591,0.009068,0.768832,0.000726,4078,4087
2,85,0.045729,0.954475,1.04063,0.010916,0.785857,0.000532,4131.5,4148
2,86,0.0441495,0.949349,1.02896,0.0095635,0.777321,0.0004825,4098.5,4101
2,87,0.045443,0.952925,1.03746,0.0107545,0.784806,0.000379,4127.5,4131
2,88,0.045111,0.949253,1.0379,0.0094645,0.7848,0.0005285,4122,4126
2,89,0.046459,0.968252,1.04551,0.009853,0.789825,0.000447,4166,4179
2,90,0.046473,0.958318,1.03892,0.0098915,0.782435,0.0004395,4125.5,4152
2,91,0.0448375,0.948522,1.03319,0.0104985,0.780726,0.000538,4111,4127
2,92,0.0434115,0.95225,1.04007,0.0106335,0.778857,0.0006945,4118.5,4129
2,93,0.0443665,0.944724,1.03333,0.0097835,0.78431,0.0004995,4109.5,4117
2,94,0.044987,0.948802,1.03112,0.0099635,0.78018,0.0006195,4109,4119
2,95,0.047014,0.970136,1.05059,0.0101495,0.793311,0.000566,4171,4173
2,96,0.0433585,0.933049,1.01701,0.010048,0.773266,0.0004685,4072,4074
2,97,0.048563,0.967036,1.05108,0.0092635,0.792398,0.001134,4172,4187
2,98,0.04352,0.957049,1.05121,0.010177,0.782721,0.0005055,4135.5,4148
2,99,0.043176,0.942264,1.024,0.0108195,0.773471,0.000406,4081,4088
2,100,0.046862,0.963815,1.05566,0.011708,0.794096,0.0006865,4174,4188
3,0,0.206078,1.04441,1.08052,0.421016,1.05787,0.000307333,4690.33,4745
3,1,0.209885,1.08005,1.11622,0.428722,1.09621,0.000496667,4815,4860
3,2,0.191172,1.00224,1.04265,0.012295,0.981194,0.000557,4112,4125
3,3,0.190967,0.995516,1.02679,0.014324,0.97567,0.000392,4078.33,4107
3,4,0.1892,0.987683,1.02615,0.00950633,0.975692,0.000299333,4063,4082
3,5,0.187701,0.986582,1.03936,0.0162297,0.968579,0.000320667,4075.67,4097
3,6,0.190326,0.995527,1.03042,0.00888,0.985434,0.000378333,4083.67,4088
3,7,0.186927,0.982635,1.02082,0.009295,0.97398,0.000433667,4048.33,4064
3,8,0.18994,0.986295,1.02197,0.00935767,0.975284,0.000256,4057.33,4083
3,9,0.189304,0.985799,1.02509,0.00903733,0.976767,0.000460333,4058.33,4064
3,10,0.190707,0.990211,1.02795,0.00912267,0.977776,0.000267333,4071,4085
3,11,0.189434,0.982803,1.01827,0.00859667,0.979287,0.000402333,4050,4066
3,12,0.188336,0.983105,1.01905,0.00945133,0.970066,0.000298667,4041.33,4075
3,13,0.183255,0.980845,1.0189,0.00885933,0.964158,0.000356333,4032.33,4048
3,14,0.18809,0.989064,1.02564,0.009326,0.972884,0.000332,4059,4085
3,15,0.184929,0.980682,1.01616,0.009615,0.966312,0.000438667,4032,4039
3,16,0.198293,1.00859,1.04097,0.00926933,1.03988,0.000327,4170.33,4191
3,17,0.187781,0.995976,1.04018,0.00946333,0.980718,0.000329,4093.67,4106
3,18,0.192068,0.994455,1.03184,0.00930333,0.986962,0.000430667,4090.33,4095
3,19,0.205414,1.01269,1.04567,0.00994,1.04099,0.000465,4189,4198
3,20,0.185814,0.976128,1.01308,0.00930267,0.966039,0.000378333,4025.33,4042
3,21,0.188823,0.992499,1.02497,0.00900133,0.98169,0.000494,4071.33,4084
3,22,0.187586,0.988436,1.02241,0.009683,0.971409,0.000351333,4056.33,4062
3,23,0.18749,0.97979,1.01777,0.00924633,0.97437,0.000432333,4038,4066
3,24,0.185477,0.983957,1.02056,0.009526,0.97396,0.000408667,4047.67,4069
3,25,0.187301,0.992126,1.02787,0.00886167,0.975922,0.000364,4067.67,4081
3,26,0.190644,0.993101,1.03001,0.00929233,0.980887,0.000367667,4081,4111
3,27,0.18815,0.986337,1.01943,0.00925267,0.971717,0.000327667,4047.67,4062
3,28,0.189509,0.983382,1.01862,0.00967067,0.977731,0.000451667,4053.33,4061
3,29,0.188377,0.984533,1.02232,0.009025,0.975718,0.000404,4052,4083
3,30,0.184285,0.980815,1.01548,0.009181,0.965708,0.000390333,4036.67,4055
3,31,0.188372,0.984112,1.0225,0.00953133,0.977094,0.000339333,4054.67,4079
3,32,0.186898,0.984163,1.02258,0.008982,0.970907,0.000376333,4050,4068
3,33,0.188949,1.00701,1.04372,0.00973367,0.994252,0.000429,4122.67,4149
3,34,0.186106,0.985844,1.02135,0.00831867,0.975226,0.000278,4050.67,4079
3,35,0.18711,0.983678,1.02132,0.008812,0.976774,0.000363333,4052.33,4060
3,36,0.188198,0.980944,1.01714,0.00858267,0.971548,0.000408667,4039.67,4064
3,37,0.215495,1.05315,1.07958,0.00884267,1.07212,0.000390667,4301.67,4320
3,38,0.186908,0.985186,1.01767,0.008867,0.971374,0.000391667,4044,4066
3,39,0.1876,0.992237,1.03537,0.0106787,0.979623,0.000381333,4082.67,4099
3,40,0.189631,0.98935,1.02246,0.00895633,0.977846,0.000395333,4060,4069
3,41,0.192107,1.00199,1.04085,0.00925433,0.991081,0.000415,4113.33,4132
3,42,0.184271,0.981856,1.01953,0.00957533,0.962467,0.000640333,4035,4060
3,43,0.185859,0.9888,1.0251,0.00997567,0.970594,0.000338667,4057.67,4079
3,44,0.182869,0.976816,1.01409,0.008803,0.963213,0.000365,4021,4042
3,45,0.186304,0.981714,1.01782,0.00946067,0.97561,0.000446333,4048,4059
3,46,0.190194,0.984738,1.01914,0.00884133,0.975356,0.000355667,4047.67,4069
3,47,0.188032,0.990758,1.02143,0.00959367,0.974302,0.000351,4056.33,4062
3,48,0.186578,0.986968,1.02397,0.00908667,0.976492,0.000302,4055,4063
3,49,0.190143,0.997794,1.03592,0.00896767,0.982845,0.000349667,4094.67,4102
3,50,0.187807,0.984785,1.01884,0.00854533,0.970408,0.000446667,4044.33,4066
3,51,0.190141,0.993031,1.03397,0.00993733,0.983549,0.000371667,4086.67,4117
3,52,0.181686,0.982373,1.02365,0.010085,0.960275,0.000394,4034.67,4050
3,53,0.189685,0.98884,1.0269,0.009574,0.982023,0.000573667,4072,4095
3,54,0.18008,0.979437,1.01657,0.0103573,0.960606,0.000362,4021,4040
3,55,0.188067,0.979673,1.01838,0.009013,0.973183,0.000396667,4039.33,4063
3,56,0.193335,0.991757,1.02824,0.0109377,0.984077,0.000386333,4082.67,4097
3,57,0.188709,0.991928,1.03194,0.009171,0.977359,0.000351667,4074,4099
3,58,0.190221,0.992683,1.03049,0.010186,0.978832,0.000308333,4079,4081
3,59,0.183127,0.980459,1.01726,0.00882833,0.967084,0.000338667,4031.33,4048
3,60,0.189059,0.985153,1.02026,0.00971567,0.973165,0.000337333,4052,4074
3,61,0.188304,0.992168,1.02952,0.009013,0.978105,0.000383333,4072,4087
3,62,0.186129,0.9788,1.01423,0.009803,0.968101,0.000343333,4031.67,4047
3,63,0.18705,0.985359,1.02256,0.009536,0.977655,0.000378667,4058.33,4078
3,64,0.191244,0.985925,1.0236,0.0124107,0.964058,0.000311667,4055,4077
3,65,0.189183,0.992673,1.03271,0.00857167,0.982154,0.000356333,4082,4092
3,66,0.187019,0.993149,1.02969,0.0101133,0.978385,0.000442333,4076.67,4102
3,67,0.18564,0.98199,1.01949,0.00913133,0.965872,0.000498333,4037.67,4052
3,68,0.188917,1.00157,1.03613,0.010038,0.980197,0.000325,4094,4111
3,69,0.182684,0.985011,1.02155,0.009928,0.964469,0.000454333,4039.33,4048
3,70,0.187398,0.986446,1.024,0.00912133,0.972944,0.000309333,4055.67,4067
3,71,0.185204,0.975544,1.01525,0.00984033,0.963138,0.000404,4021.67,4055
3,72,0.186307,0.982378,1.01952,0.00914733,0.969428,0.000381333,4043,4051
3,73,0.189515,1.00472,1.03589,0.0103383,0.984536,0.000376333,4103.33,4126
3,74,0.184198,0.983666,1.02274,0.00969267,0.966817,0.000338333,4042.33,4075
3,75,0.188614,0.983842,1.02219,0.00975267,0.97189,0.000480333,4049.33,4065
3,76,0.188825,0.99162,1.02687,0.00984433,0.975032,0.000540333,4069.33,4083
3,77,0.185664,0.988266,1.02924,0.0101217,0.972018,0.000318667,4062.33,4102
3,78,0.188928,0.990869,1.03167,0.00977567,0.976287,0.000335333,4074.33,4087
3,79,0.184792,0.97981,1.01137,0.00871533,0.969285,0.000430667,4027.67,4050
3,80,0.187889,0.988634,1.01964,0.00925233,0.974362,0.000329,4054.67,4073
3,81,0.191087,0.995778,1.03452,0.0104317,0.979085,0.000401333,4089.33,4109
3,82,0.185048,0.98294,1.01914,0.00922467,0.970494,0.000341333,4041.67,4055
3,83,0.187981,0.987716,1.03082,0.0109023,0.972884,0.000287,4065.67,4077
3,84,0.183005,0.977157,1.01636,0.009823,0.967788,0.000451667,4027.67,4046
3,85,0.187183,0.98503,1.02174,0.0100937,0.97457,0.000366333,4052.33,4079
3,86,0.185839,0.983682,1.02206,0.009799,0.971073,0.000302667,4046.67,4060
3,87,0.182653,0.978166,1.0124,0.008767,0.961484,0.000561667,4018,4033
3,88,0.188637,0.987584,1.02578,0.009175,0.979303,0.000357333,4066,4083
3,89,0.183965,0.985433,1.0258,0.00903733,0.973024,0.000534333,4057,4076
3,90,0.186619,0.977966,1.01709,0.00904867,0.970541,0.000353,4037,4053
3,91,0.184659,0.982084,1.02016,0.0102933,0.967529,0.000448333,4039.67,4063
3,92,0.189732,0.990758,1.03951,0.0100997,0.972787,0.000473667,4080.33,4095
3,93,0.190375,0.986892,1.02524,0.00944067,0.978981,0.000294667,4064.33,4081
3,94,0.18786,0.98615,1.02233,0.00984967,0.978427,0.000554667,4061.67,4074
3,95,0.193084,1.00071,1.03965,0.0101557,0.98917,0.00031,4109,4117
3,96,0.1839,0.992569,1.02757,0.00937967,0.968269,0.000286667,4058.67,4081
3,97,0.190653,0.992296,1.02964,0.008873,0.983708,0.000303667,4080,4114
3,98,0.1866,0.988541,1.02821,0.00998967,0.974839,0.000393,4066,4076
3,99,0.185951,0.979581,1.0188,0.00957033,0.966317,0.000396667,4033,4044
3,100,0.187456,0.98702,1.02203,0.0101527,0.976527,0.000355333,4056,4074
4,0,0.363532,1.17766,1.2051,0.485467,1.36321,0.00025625,5254.25,5278
4,1,0.364851,1.17568,1.20242,0.484046,1.35577,0.00025375,5240.25,5249
4,2,0.326979,1.10552,1.12665,0.0242185,1.21063,0.00042975,4452.75,4462
4,3,0.323815,1.08625,1.10747,0.0178848,1.20696,0.000226,4392.75,4420
4,4,0.339512,1.12218,1.14854,0.0180525,1.24509,0.0003285,4522.5,4543
4,5,0.329135,1.10766,1.12915,0.0194413,1.22298,0.00031275,4464.5,4489
4,6,0.332008,1.11617,1.13943,0.0173125,1.23558,0.00029125,4491,4517
4,7,0.327908,1.09332,1.11405,0.0189552,1.21285,0.00028125,4414.75,4422
4,8,0.326396,1.09882,1.11787,0.018424,1.2118,0.00036975,4424,4451
4,9,0.32886,1.09987,1.12482,0.0199133,1.21423,0.00029475,4440.25,4450
4,10,0.3261,1.09402,1.11468,0.0173638,1.2126,0.0003115,4413.5,4440
4,11,0.329604,1.09798,1.12159,0.019117,1.21672,0.00032975,4436.75,4445
4,12,0.337616,1.1279,1.14505,0.0176647,1.26888,0.00038675,4550.75,4566
4,13,0.325811,1.09367,1.11863,0.019294,1.20401,0.00022275,4412.25,4422
4,14,0.328912,1.10306,1.12128,0.018271,1.2197,0.0003815,4442,4454
4,15,0.326902,1.09171,1.11291,0.0191307,1.2043,0.00029325,4405.25,4415
4,16,0.32874,1.09815,1.11709,0.0184078,1.21611,0.00029275,4428.25,4450
4,17,0.322002,1.08333,1.10359,0.0175495,1.19162,0.00027325,4368.75,4388
4,18,0.324879,1.09632,1.11885,0.0180543,1.21231,0.0002415,4421,4440
4,19,0.325491,1.09703,1.11786,0.0181718,1.20888,0.0004255,4421.5,4433
4,20,0.325649,1.09753,1.11818,0.0188425,1.21047,0.0002965,4422.75,4449
4,21,0.325681,1.09176,1.11772,0.0183367,1.20672,0.00022975,4411.25,4420
4,22,0.329326,1.09957,1.12446,0.0185085,1.22025,0.000328,4443.75,4458
4,23,0.338551,1.1238,1.14943,0.0173645,1.251,0.00036875,4531,4542
4,24,0.327403,1.10287,1.12266,0.0186405,1.21717,0.00036525,4442.25,4464
4,25,0.322981,1.10209,1.11941,0.0241747,1.21454,0.0002975,4436.75,4465
4,26,0.328508,1.09712,1.12109,0.018734,1.21352,0.0003025,4430.5,4453
4,27,0.327733,1.09927,1.12347,0.019196,1.21207,0.000269,4433.5,4445
4,28,0.33179,1.09644,1.11962,0.0190062,1.21564,0.00028575,4431.75,4448
4,29,0.323117,1.08998,1.11047,0.0185375,1.20107,0.00029575,4395.5,4413
4,30,0.32872,1.0979,1.11873,0.0210957,1.21392,0.00037975,4431,4445
4,31,0.324557,1.08963,1.10952,0.017658,1.20264,0.000314,4393,4403
4,32,0.33021,1.09666,1.11958,0.017477,1.21613,0.0003095,4428.5,4436
4,33,0.324713,1.08863,1.10873,0.0180357,1.19983,0.00030625,4389,4397
4,34,0.327443,1.10679,1.13271,0.018522,1.22279,0.00030425,4463.5,4481
4,35,0.327582,1.09364,1.11228,0.0182675,1.20818,0.00044275,4407.75,4424
4,36,0.334011,1.12036,1.14551,0.0176682,1.24194,0.00032225,4511,4536
4,37,0.32574,1.09429,1.11465,0.0182117,1.20959,0.00037175,4413.5,4417
4,38,0.33021,1.10596,1.12818,0.01878,1.22126,0.0002535,4455.75,4461
4,39,0.327811,1.09249,1.11435,0.0189127,1.20758,0.00020375,4411,4420
4,40,0.339439,1.12301,1.1446,0.0171965,1.2706,0.0002325,4544.75,4562
4,41,0.326445,1.0944,1.11787,0.0191492,1.20693,0.00026625,4417.75,4443
4,42,0.339008,1.11627,1.13715,0.01864,1.25894,0.00028775,4521.5,4543
4,43,0.321643,1.08426,1.10625,0.0181557,1.20044,0.0002685,4380.25,4400
4,44,0.326977,1.09366,1.11641,0.0176855,1.21452,0.00031125,4419.5,4434
4,45,0.328493,1.09838,1.11859,0.018332,1.21808,0.000285,4431,4439
4,46,0.325449,1.09298,1.11427,0.0176758,1.21003,0.000305,4411.75,4432
4,47,0.325057,1.09185,1.11382,0.018303,1.20642,0.000311,4405.5,4432
4,48,0.327371,1.09876,1.12118,0.0178405,1.21565,0.0003345,4433.25,4455
4,49,0.325483,1.09374,1.11561,0.0189375,1.19975,0.00029625,4405.75,4428
4,50,0.325567,1.09265,1.11339,0.018695,1.20988,0.00031,4409.75,4431
4,51,0.325868,1.09586,1.11364,0.0185655,1.2047,0.00052,4410.25,4425
4,52,0.328136,1.09828,1.11986,0.0178048,1.21797,0.000366,4430.5,4447
4,53,0.326211,1.09051,1.11429,0.0185657,1.20625,0.000236,4405,4419
4,54,0.329465,1.10126,1.12558,0.0179223,1.21734,0.00028875,4441.75,4464
4,55,0.345048,1.15029,1.177,0.0165973,1.30345,0.00033625,4643.25,4666
4,56,0.331179,1.11697,1.14087,0.0195715,1.23084,0.0003445,4497,4506
4,57,0.324786,1.09162,1.11305,0.018524,1.20318,0.00030125,4401.5,4426
4,58,0.325433,1.09394,1.11446,0.0173125,1.2126,0.0002975,4414.25,4433
4,59,0.325484,1.09222,1.11207,0.01811,1.20475,0.000354,4401.75,4415
4,60,0.328028,1.0979,1.11852,0.0184978,1.20917,0.00039225,4422.5,4438
4,61,0.324335,1.09269,1.11143,0.0190212,1.20688,0.00037375,4404.5,4422
4,62,0.329247,1.09999,1.12307,0.019172,1.21779,0.000344,4440,4452
4,63,0.325383,1.10195,1.1255,0.018703,1.21478,0.00038325,4439.75,4456
4,64,0.327375,1.09699,1.12075,0.01903,1.20934,0.00031525,4423,4442
4,65,0.323927,1.09335,1.11301,0.019159,1.19959,0.000328,4399,4421
4,66,0.325039,1.09131,1.11284,0.0184125,1.20648,0.000298,4403.25,4419
4,67,0.326282,1.09524,1.11439,0.017687,1.21008,0.00026525,4413.5,4437
4,68,0.328019,1.09917,1.123,0.020551,1.2136,0.00033325,4437.25,4448
4,69,0.327959,1.0979,1.12095,0.0179235,1.2151,0.000241,4430,4444
4,70,0.328363,1.10937,1.13496,0.0204735,1.21876,0.00035575,4471,4484
4,71,0.329945,1.12824,1.15207,0.0209865,1.23979,0.000387,4534,4554
4,72,0.344831,1.14951,1.16713,0.0262772,1.2885,0.00059175,4636,4651
4,73,0.339351,1.12045,1.14372,0.0217092,1.2448,0.0007185,4524,4533
4,74,0.3303,1.09958,1.12216,0.0193655,1.21756,0.00031,4437.5,4450
4,75,0.343907,1.14174,1.16587,0.0234267,1.26144,0.000574,4593.25,4602
4,76,0.334022,1.12661,1.15243,0.0240057,1.24021,0.0005965,4536.25,4548
4,77,0.339971,1.15352,1.17812,0.027238,1.26039,0.00045225,4625.75,4643
4,78,0.33617,1.11113,1.13343,0.020944,1.23029,0.00039775,4483.25,4494
4,79,0.337005,1.13613,1.16411,0.0255585,1.25179,0.000555,4575.5,4595
4,80,0.333528,1.10806,1.12962,0.0201545,1.22483,0.00043925,4468.75,4475
4,81,0.333553,1.13248,1.14541,0.0232357,1.23112,0.00045225,4517.5,4542
4,82,0.324004,1.08918,1.10731,0.0161242,1.20411,0.00023175,4389.5,4405
4,83,0.317796,1.08432,1.10327,0.0184948,1.19292,0.00030275,4369,4401
4,84,0.326555,1.09726,1.12012,0.0180708,1.21267,0.0002755,4426.25,4444
4,85,0.335769,1.10855,1.128,0.0210677,1.22545,0.00021875,4465,4475
4,86,0.33366,1.10012,1.12024,0.020132,1.22184,0.000345,4439.5,4458
4,87,0.33344,1.10704,1.13139,0.0199775,1.22951,0.00043,4469.25,4491
4,88,0.336245,1.11097,1.13239,0.020963,1.22585,0.00037825,4475.75,4482
4,89,0.335734,1.11042,1.13135,0.0192345,1.23412,0.000367,4481,4493
4,90,0.33663,1.09848,1.12145,0.0190193,1.22501,0.00029675,4444.75,4456
4,91,0.340215,1.12002,1.14215,0.021303,1.24458,0.00037225,4517.75,4526
4,92,0.338185,1.11031,1.13196,0.020995,1.23296,0.0003315,4482.75,4497
4,93,0.344672,1.11798,1.14016,0.0181858,1.27151,0.00029975,4539,4546
4,94,0.338166,1.14303,1.16711,0.0250802,1.25708,0.00050375,4595.25,4608
4,95,0.339032,1.14226,1.16269,0.0252607,1.25409,0.00061725,4585.5,4615
4,96,0.326083,1.10055,1.11948,0.017922,1.21018,0.000198,4430,4442
4,97,0.329787,1.09917,1.11957,0.0168845,1.21669,0.00027175,4435.75,4465
4,98,0.322696,1.08966,1.10995,0.016721,1.20473,0.0002285,4394.75,4416
4,99,0.324782,1.09987,1.12049,0.0160425,1.21722,0.0002275,4433.5,4462
4,100,0.319134,1.08032,1.10004,0.0160855,1.19403,0.00024375,4359.25,4380
5,0,0.437838,1.26185,1.28342,0.52601,1.51683,0.0001664,5558.6,5588
5,1,0.408233,1.20659,1.23005,0.508814,1.47845,0.0002382,5362.8,5478
5,2,0.386429,1.16071,1.18001,0.0271552,1.3677,0.000217,4648.2,4667
5,3,0.387027,1.15829,1.17808,0.0258222,1.36962,0.000261,4644.2,4683
5,4,0.385393,1.15337,1.17742,0.0237626,1.3617,0.0003614,4628.6,4685
5,5,0.389869,1.16169,1.18379,0.0246854,1.37613,0.0003102,4659.8,4670
5,6,0.391742,1.16848,1.19258,0.0240478,1.38856,0.0002758,4689.4,4732
5,7,0.391531,1.16827,1.18817,0.025247,1.38109,0.0002772,4678.8,4707
5,8,0.387927,1.15868,1.18095,0.02425,1.37315,0.0004214,4648.4,4688
5,9,0.388578,1.16312,1.18199,0.0257814,1.37329,0.0002914,4657.6,4682
5,10,0.391399,1.17268,1.18862,0.0248592,1.37996,0.0003552,4685,4721
5,11,0.385322,1.16047,1.1799,0.0256298,1.37065,0.000252,4647.6,4682
5,12,0.388378,1.1692,1.18912,0.0246704,1.37775,0.0002388,4674.8,4689
5,13,0.392403,1.16795,1.18814,0.024884,1.37574,0.0002344,4675.6,4722
5,14,0.387476,1.16083,1.17874,0.0245284,1.37515,0.0001868,4650.6,4688
5,15,0.387782,1.16537,1.18217,0.0250072,1.37274,0.0002944,4657.6,4691
5,16,0.38785,1.1593,1.17748,0.0243478,1.37537,0.0002372,4648.2,4691
5,17,0.381096,1.15018,1.17073,0.0241938,1.35882,0.0002258,4608.2,4657
5,18,0.391588,1.16829,1.18629,0.0243996,1.38451,0.0002698,4680,4696
5,19,0.384298,1.15283,1.17237,0.023968,1.36582,0.0002342,4622.6,4679
5,20,0.386336,1.16229,1.18228,0.0242186,1.37666,0.0003238,4658.4,4707
5,21,0.390397,1.15985,1.18158,0.0244738,1.37514,0.0002804,4656,4680
5,22,0.391051,1.17426,1.19248,0.0237486,1.40433,0.0002772,4711.2,4752
5,23,0.384423,1.15319,1.16982,0.0237232,1.36458,0.0002958,4620.4,4681
5,24,0.38826,1.16216,1.18182,0.0253928,1.37444,0.0003662,4656.8,4678
5,25,0.390409,1.16724,1.18913,0.0243014,1.38338,0.0002064,4680.8,4728
5,26,0.385239,1.15606,1.17674,0.024096,1.37235,0.0002094,4637.4,4681
5,27,0.393931,1.17746,1.19836,0.0244786,1.38915,0.0003158,4711.8,4725
5,28,0.39026,1.16748,1.1867,0.0258226,1.38903,0.0002364,4684.2,4709
5,29,0.39269,1.17211,1.18628,0.0232054,1.40538,0.0002384,4702.4,4751
5,30,0.383694,1.15919,1.19168,0.0251868,1.37461,0.0002448,4660,4694
5,31,0.384753,1.16319,1.18255,0.0237108,1.37419,0.0003162,4653,4691
5,32,0.385084,1.15135,1.16957,0.0240496,1.36377,0.0003152,4616,4669
5,33,0.390079,1.16514,1.18263,0.0238074,1.38169,0.0002568,4667.2,4678
5,34,0.388355,1.16802,1.18717,0.024725,1.38045,0.0002544,4675.8,4715
5,35,0.384577,1.15597,1.17476,0.023507,1.36888,0.0002656,4630.8,4679
5,36,0.385025,1.15446,1.17484,0.024131,1.37022,0.000302,4633.4,4662
5,37,0.38544,1.1534,1.17366,0.0232688,1.3681,0.0002784,4627.8,4667
5,38,0.384416,1.15082,1.17092,0.0240682,1.3665,0.0002252,4619.6,4664
5,39,0.388461,1.16523,1.18468,0.0240642,1.38132,0.0002204,4669,4688
5,40,0.387238,1.15839,1.17821,0.0234024,1.37558,0.0002238,4646.4,4682
5,41,0.386153,1.16441,1.18327,0.0241654,1.3767,0.0002896,4662,4703
5,42,0.389356,1.1658,1.18996,0.0247618,1.38188,0.0003422,4677.8,4691
5,43,0.388318,1.15855,1.17776,0.0254192,1.3725,0.000218,4646.6,4688
5,44,0.386866,1.15698,1.17668,0.0244592,1.37055,0.0003612,4639.4,4683
5,45,0.389,1.16694,1.19224,0.0251384,1.38258,0.0003036,4682.2,4706
5,46,0.386504,1.15937,1.17867,0.0238858,1.37296,0.0003372,4644.6,4681
5,47,0.386319,1.15715,1.17775,0.0239402,1.37459,0.0002618,4643.6,4680
5,48,0.400056,1.17072,1.19211,0.025218,1.37895,0.0002776,4695.4,4713
5,49,0.38678,1.15845,1.17794,0.0253668,1.36988,0.0002694,4643,4685
5,50,0.383643,1.15384,1.17478,0.0237502,1.36444,0.000347,4626.4,4685
5,51,0.389146,1.16377,1.18349,0.0246822,1.37963,0.0003254,4665.8,4679
5,52,0.384423,1.15615,1.17856,0.024733,1.37248,0.000272,4638.4,4680
5,53,0.384847,1.15575,1.1755,0.0239374,1.37082,0.0002126,4635,4684
5,54,0.392817,1.16963,1.19042,0.0246874,1.38342,0.000277,4686,4706
5,55,0.389305,1.17336,1.19501,0.025304,1.38354,0.0002594,4693.6,4730
5,56,0.38958,1.16958,1.1916,0.0214522,1.39235,0.0002532,4686.6,4730
5,57,0.383898,1.16321,1.18375,0.0250988,1.37654,0.0002594,4659.2,4682
5,58,0.384465,1.15466,1.17545,0.024328,1.36496,0.000387,4629.8,4661
5,59,0.384742,1.16109,1.17898,0.0251618,1.36836,0.0005618,4645.2,4711
5,60,0.388204,1.15956,1.17922,0.024125,1.37922,0.0002738,4653.4,4689
5,61,0.386636,1.16506,1.18329,0.0238266,1.37691,0.000321,4661.4,4683
5,62,0.388112,1.16171,1.18205,0.0257342,1.37164,0.0002814,4655,4713
5,63,0.390523,1.16947,1.1883,0.024466,1.38354,0.000396,4682.8,4710
5,64,0.385332,1.15947,1.17751,0.0244144,1.37296,0.0002454,4643.2,4684
5,65,0.387824,1.15908,1.17877,0.0234992,1.37315,0.0002868,4646,4675
5,66,0.383728,1.15159,1.17377,0.0247862,1.3612,0.0002794,4617.4,4664
5,67,0.385173,1.15803,1.17602,0.0235662,1.37386,0.0002754,4639,4690
5,68,0.397381,1.18682,1.20373,0.023434,1.42426,0.0003188,4762.2,4788
5,69,0.388579,1.16038,1.17809,0.0238668,1.37415,0.0002576,4648.8,4687
5,70,0.385108,1.15732,1.1758,0.0246808,1.3709,0.0003376,4636.8,4681
5,71,0.388961,1.15964,1.17637,0.0246762,1.37417,0.000295,4648,4672
5,72,0.385815,1.15692,1.17344,0.0240576,1.36757,0.0003444,4631.4,4678
5,73,0.381015,1.1541,1.17124,0.0251268,1.36785,0.0002962,4622,4671
5,74,0.390039,1.16608,1.1853,0.0246218,1.38428,0.0002158,4674.4,4688
5,75,0.389196,1.16503,1.18479,0.0247204,1.38018,0.0002896,4670,4722
5,76,0.386909,1.16267,1.18099,0.0241486,1.37599,0.0002972,4654.6,4692
5,77,0.400794,1.18309,1.20168,0.0245698,1.42504,0.0003258,4760.2,4788
5,78,0.385023,1.1586,1.17502,0.0246778,1.37126,0.0004126,4639.4,4691
5,79,0.383231,1.1567,1.17692,0.0255206,1.36381,0.0002728,4631,4668
5,80,0.388998,1.16634,1.18519,0.0240948,1.37825,0.00028,4666.6,4677
5,81,0.380685,1.15731,1.17514,0.0247776,1.35627,0.0002548,4617.6,4668
5,82,0.389893,1.17008,1.194,0.025623,1.37816,0.0003258,4685.4,4742
5,83,0.396017,1.17974,1.19802,0.024861,1.41535,0.0004568,4738.2,4771
5,84,0.385907,1.15206,1.18466,0.0242778,1.37024,0.0002518,4646.6,4716
5,85,0.386535,1.16372,1.18359,0.0251954,1.37822,0.0003346,4663.4,4691
5,86,0.398094,1.18176,1.19986,0.0221716,1.4276,0.000277,4752.8,4775
5,87,0.385979,1.157,1.17723,0.0248724,1.36833,0.0003416,4637,4685
5,88,0.388442,1.16237,1.18235,0.0242988,1.37917,0.0003036,4660.2,4691
5,89,0.392198,1.17726,1.20275,0.0261384,1.38412,0.000324,4712.6,4756
5,90,0.386702,1.15822,1.18244,0.024561,1.37422,0.0003588,4651.2,4692
5,91,0.386372,1.16088,1.17899,0.0244578,1.37361,0.0003128,4649.4,4685
5,92,0.390032,1.16266,1.18435,0.0274254,1.37933,0.00026,4668.2,4707
5,93,0.384949,1.15391,1.1725,0.0240006,1.36834,0.0003924,4627.4,4686
5,94,0.386082,1.16,1.17831,0.0241528,1.3772,0.0002486,4648.4,4690
5,95,0.388651,1.16016,1.17913,0.0251504,1.37199,0.0003054,4650.2,4680
5,96,0.386905,1.16676,1.18509,0.0242812,1.3777,0.000346,4667.6,4713
5,97,0.388519,1.16693,1.18664,0.024872,1.38353,0.0002984,4677,4717
5,98,0.388014,1.15895,1.17875,0.0240966,1.37686,0.0002594,4651.6,4680
5,99,0.385795,1.15843,1.17532,0.0243152,1.36995,0.0002372,4637.8,4678
5,100,0.38753,1.15894,1.17578,0.0240106,1.37501,0.0002402,4644.6,4681
6,0,0.496742,1.30658,1.32992,0.570195,1.65122,0.000183333,5801.33,5891
6,1,0.490909,1.3031,1.32322,0.571813,1.64304,0.000212,5778.33,5947
6,2,0.471479,1.24535,1.26607,0.0219192,1.55653,0.000237667,5000,5058
6,3,0.469081,1.24109,1.25864,0.022168,1.53707,0.000281167,4966.5,4993
6,4,0.472628,1.24962,1.26772,0.0231312,1.55768,0.000231167,5009.67,5059
6,5,0.47396,1.26172,1.28123,0.0240675,1.56729,0.0004185,5049.17,5109
6,6,0.471846,1.25885,1.27588,0.023658,1.5633,0.000305833,5036.67,5100
6,7,0.475999,1.25156,1.27064,0.0218692,1.56499,0.000197,5023.5,5073
6,8,0.473446,1.24878,1.26651,0.02224,1.56074,0.0002545,5009.17,5059
6,9,0.474196,1.25387,1.27201,0.0232763,1.56084,0.000304833,5024.67,5104
6,10,0.482412,1.27991,1.2978,0.0292017,1.58012,0.000469333,5115.67,5164
6,11,0.474531,1.27733,1.29864,0.0298008,1.56653,0.0004315,5098.17,5132
6,12,0.470453,1.26849,1.28722,0.0316225,1.54191,0.00101633,5054,5136
6,13,0.47516,1.26509,1.28442,0.0233052,1.57769,0.000376333,5070,5110
6,14,0.467954,1.24877,1.26911,0.0257155,1.53679,0.000300167,4992.33,5028
6,15,0.475015,1.25954,1.27685,0.0238862,1.56783,0.000271833,5045,5093
6,16,0.476857,1.26525,1.2834,0.0235793,1.57544,0.000317333,5067.5,5088
6,17,0.479126,1.26309,1.28109,0.0239288,1.57736,0.000311667,5066.83,5094
6,18,0.470305,1.25047,1.27196,0.0251018,1.54541,0.000269833,5007.17,5055
6,19,0.47502,1.26457,1.28475,0.0259738,1.57048,0.000348,5066.17,5124
6,20,0.473945,1.25309,1.27308,0.0244068,1.56,0.000292333,5026.17,5082
6,21,0.479776,1.26835,1.28562,0.0236045,1.58337,0.000326,5083,5122
6,22,0.469945,1.2394,1.26107,0.0236643,1.53552,0.000288333,4970.17,5009
6,23,0.477921,1.26814,1.2869,0.0252932,1.57894,0.0003325,5080.67,5095
6,24,0.464744,1.24003,1.25631,0.0232533,1.53227,0.000398,4957.67,5005
6,25,0.469187,1.26378,1.28162,0.0260572,1.55902,0.000398,5046,5111
6,26,0.473185,1.2799,1.30173,0.031094,1.56514,0.000361333,5103.17,5172
6,27,0.47382,1.27256,1.29162,0.0283715,1.57415,0.000537667,5087.5,5146
6,28,0.470569,1.2617,1.28472,0.0283462,1.55623,0.0005035,5047.17,5093
6,29,0.471144,1.25373,1.27328,0.0256457,1.5459,0.000343333,5013.67,5039
6,30,0.493575,1.28797,1.30515,0.0217587,1.63571,0.0002915,5185.33,5251
6,31,0.468627,1.25728,1.27688,0.0253742,1.55264,0.000477,5026.67,5074
6,32,0.466007,1.24116,1.25957,0.0240895,1.53637,0.000318833,4969,5030
6,33,0.470611,1.25129,1.27068,0.0253005,1.54148,0.0002975,5003.33,5048
6,34,0.489414,1.29311,1.30845,0.0215772,1.63788,0.00035,5192,5243
6,35,0.471898,1.25269,1.27235,0.0238462,1.54916,0.0002435,5012,5024
6,36,0.469114,1.25128,1.26651,0.0239878,1.55978,0.000283,5013.17,5089
6,37,0.477015,1.26926,1.28755,0.0238318,1.58225,0.000282833,5085.33,5141
6,38,0.470229,1.26146,1.27913,0.0256695,1.55878,0.000298333,5040,5078
6,39,0.47654,1.25911,1.28045,0.0234998,1.57376,0.0002585,5055.5,5092
6,40,0.479324,1.26331,1.28386,0.0227007,1.5836,0.0004015,5074,5117
6,41,0.478184,1.27128,1.28727,0.025431,1.57904,0.000430833,5084.83,5107
6,42,0.47163,1.25524,1.27835,0.0232792,1.56683,0.000304167,5037,5091
6,43,0.465579,1.24221,1.26136,0.0236225,1.53231,0.000385,4967.5,5028
6,44,0.476997,1.27407,1.28963,0.0247877,1.58881,0.000663667,5100,5153
6,45,0.466309,1.24316,1.26043,0.0241363,1.53329,0.000408667,4969.33,5012
6,46,0.477177,1.25976,1.27842,0.0232073,1.57503,0.0003185,5055.17,5091
6,47,0.478161,1.26579,1.28107,0.0238025,1.57831,0.000368333,5070.67,5094
6,48,0.468592,1.24493,1.26252,0.0238213,1.53873,0.000268833,4978.83,5029
6,49,0.47417,1.26458,1.27795,0.0249862,1.56647,0.0003175,5052.67,5110
6,50,0.478495,1.27435,1.29213,0.0230388,1.59313,0.000318,5104.5,5146
6,51,0.475908,1.26275,1.28146,0.023925,1.57725,0.000454,5064.83,5103
6,52,0.472209,1.25241,1.27201,0.0223515,1.56801,0.000230167,5027.83,5086
6,53,0.477584,1.27022,1.28654,0.026427,1.57514,0.000386,5080.5,5104
6,54,0.463124,1.23192,1.25218,0.0228202,1.52906,0.000220667,4939.33,5003
6,55,0.466895,1.24398,1.26704,0.0243988,1.53872,0.000362667,4983.83,5032
6,56,0.470765,1.2455,1.26313,0.0236695,1.54139,0.000309833,4984.83,5027
6,57,0.47749,1.27498,1.29564,0.0257543,1.5862,0.0004685,5107.5,5161
6,58,0.473782,1.25573,1.27738,0.0236483,1.56697,0.000282667,5039.33,5067
6,59,0.469411,1.25079,1.26995,0.024709,1.54924,0.0002345,5007.17,5049
6,60,0.471165,1.25259,1.27477,0.0252445,1.56104,0.000269667,5027.33,5085
6,61,0.479728,1.26936,1.28534,0.024938,1.58446,0.000360833,5087.5,5105
6,62,0.472004,1.24741,1.26608,0.0223968,1.54709,0.000277167,4995.33,5010
6,63,0.467697,1.25572,1.27473,0.0263057,1.54729,0.000283833,5017.83,5072
6,64,0.471545,1.25024,1.2695,0.0225257,1.56072,0.000309167,5015.67,5067
6,65,0.467326,1.24416,1.26447,0.0237015,1.53994,0.000294833,4982.17,5031
6,66,0.471374,1.25022,1.27139,0.0230578,1.56065,0.000265333,5016.67,5078
6,67,0.47045,1.25127,1.27475,0.024387,1.54815,0.0003225,5011.67,5033
6,68,0.475745,1.25617,1.27602,0.0225922,1.57475,0.0003485,5045.33,5082
6,69,0.469593,1.25735,1.27648,0.0254898,1.54808,0.000300333,5023.5,5073
6,70,0.475557,1.26975,1.28681,0.0239475,1.58452,0.000400667,5085,5147
6,71,0.480514,1.26628,1.28552,0.024192,1.57736,0.000292167,5076.67,5121
6,72,0.472106,1.25036,1.26899,0.0235852,1.56008,0.000316833,5016.83,5073
6,73,0.468458,1.25837,1.27712,0.0267528,1.54931,0.000539333,5026.17,5077
6,74,0.477922,1.26601,1.28344,0.0244917,1.5775,0.000269833,5070.5,5087
6,75,0.467065,1.24185,1.26167,0.024112,1.5344,0.000359,4971,5021
6,76,0.471281,1.25743,1.27604,0.0249965,1.55231,0.000336,5026.67,5088
6,77,0.471289,1.25585,1.27719,0.0253997,1.56661,0.000342833,5039.67,5117
6,78,0.466626,1.24638,1.26469,0.026132,1.53904,0.000300333,4985.5,5034
6,79,0.475739,1.25669,1.27415,0.0240508,1.5651,0.000257,5037.5,5088
6,80,0.469776,1.24777,1.26904,0.0242282,1.54237,0.000272,4996,5019
6,81,0.478294,1.2694,1.28792,0.0259492,1.57898,0.000409,5087,5138
6,82,0.479748,1.27856,1.30061,0.0252067,1.59334,0.000622,5125.5,5182
6,83,0.46767,1.24836,1.26844,0.0256708,1.54378,0.000286333,4997.33,5043
6,84,0.466692,1.25026,1.26323,0.0219278,1.55661,0.000608333,5000.67,5064
6,85,0.468603,1.25426,1.27566,0.0268453,1.54291,0.000243,5013.17,5041
6,86,0.472672,1.25336,1.27157,0.0226612,1.56322,0.0003855,5025.17,5054
6,87,0.466059,1.24399,1.26177,0.026972,1.52916,0.000276667,4970,5022
6,88,0.463966,1.24027,1.25924,0.024287,1.53023,0.0003025,4958.67,5010
6,89,0.492474,1.3065,1.32225,0.0234717,1.65263,0.0004075,5242.33,5286
6,90,0.473921,1.25557,1.27506,0.0226788,1.56796,0.0003935,5036,5074
6,91,0.469067,1.24664,1.26409,0.0244648,1.53647,0.0003295,4982.83,5028
6,92,0.469607,1.24408,1.26507,0.023921,1.54029,0.000276667,4984.67,5015
6,93,0.473812,1.26175,1.27969,0.0233478,1.57332,0.000277833,5054,5084
6,94,0.468727,1.24337,1.26397,0.022405,1.55444,0.000228,4994,5067
6,95,0.468593,1.26073,1.28417,0.0268135,1.55375,0.000837667,5042.17,5101
6,96,0.46524,1.2451,1.26679,0.0243433,1.54074,0.000284333,4986.67,5057
6,97,0.474403,1.26961,1.28592,0.0244373,1.58847,0.000368833,5087.67,5137
6,98,0.471181,1.24712,1.26865,0.0243857,1.54208,0.000248333,4995.5,5010
6,99,0.467593,1.24331,1.26343,0.0245055,1.53495,0.0003135,4975.33,5032
6,100,0.46632,1.24096,1.26138,0.0236773,1.53621,0.000336333,4970.17,5026
7,0,0.600837,1.51617,1.54726,0.679182,1.95684,0.000471571,6689.71,6827
7,1,0.608742,1.52848,1.56023,0.683177,1.99301,0.000352286,6761.14,6914
7,2,0.580809,1.45493,1.48038,0.0204837,1.88708,0.000332,5803,5871
7,3,0.574718,1.44936,1.4805,0.0214891,1.86293,0.000501714,5771.14,5840
7,4,0.579714,1.46197,1.49093,0.0222764,1.87902,0.000444429,5815.71,5868
7,5,0.552477,1.39504,1.42445,0.0230349,1.78439,0.000367429,5560.14,5616
7,6,0.575944,1.4512,1.48412,0.0228399,1.86893,0.000414286,5785.71,5837
7,7,0.550562,1.38553,1.41738,0.0239843,1.77671,0.000223714,5533.29,5589
7,8,0.567577,1.43839,1.47018,0.0226814,1.84601,0.000764286,5727.43,5782
7,9,0.582252,1.45494,1.4841,0.0202084,1.89054,0.000377,5811.43,5860
7,10,0.564071,1.41255,1.43831,0.022954,1.81804,0.000356286,5637.29,5682
7,11,0.581884,1.45723,1.48648,0.0205006,1.88848,0.000299429,5815.86,5889
7,12,0.583069,1.46075,1.49082,0.0208173,1.89357,0.000484,5830.86,5903
7,13,0.562918,1.41174,1.43877,0.0222696,1.81735,0.000264857,5633,5698
7,14,0.581357,1.46216,1.48947,0.0208619,1.88472,0.000412429,5819.86,5873
7,15,0.570475,1.43854,1.46801,0.0216854,1.85155,0.000469143,5730.43,5789
7,16,0.560482,1.40795,1.43544,0.0232034,1.81376,0.000355,5622.71,5685
7,17,0.584696,1.46891,1.5004,0.020835,1.90797,0.000507857,5865.43,5935
7,18,0.571369,1.42946,1.46063,0.0207976,1.84467,0.000371714,5706.57,5754
7,19,0.57851,1.45311,1.48255,0.0207149,1.88381,0.000402286,5800,5857
7,20,0.580843,1.45179,1.48177,0.02044,1.88052,0.00031,5796.29,5851
7,21,0.548331,1.37989,1.41322,0.0238377,1.77016,0.000272571,5515.71,5584
7,22,0.567527,1.42987,1.45783,0.0221877,1.84017,0.000381714,5699,5755
7,23,0.559727,1.42076,1.44642,0.0225283,1.83087,0.000335286,5663.86,5759
7,24,0.591588,1.47783,1.50235,0.0201809,1.9295,0.000369,5902.71,5973
7,25,0.551086,1.38606,1.4164,0.0221041,1.77639,0.000444,5531.14,5595
7,26,0.562252,1.41709,1.44361,0.0221716,1.82594,0.000437857,5652.29,5699
7,27,0.562653,1.4074,1.43567,0.0206714,1.82026,0.000291857,5626.86,5688
7,28,0.562063,1.41879,1.4483,0.022565,1.83063,0.000378429,5663.71,5721
7,29,0.566112,1.44093,1.47115,0.0230029,1.85179,0.000321571,5736.14,5835
7,30,0.583762,1.46971,1.49977,0.0243129,1.90195,0.000708714,5866.29,5944
7,31,0.567117,1.44709,1.47403,0.0284839,1.85321,0.000492143,5755.86,5828
7,32,0.566596,1.43753,1.45645,0.0285973,1.84512,0.000693714,5721,5796
7,33,0.562285,1.40531,1.43533,0.020315,1.82078,0.000291286,5621.57,5682
7,34,0.561652,1.45122,1.48191,0.032621,1.85006,0.000605571,5770.43,5899
7,35,0.540788,1.39059,1.4134,0.0359194,1.75679,0.000784429,5529,5632
7,36,0.533428,1.36827,1.39178,0.0346989,1.71686,0.000677714,5433.57,5516
7,37,0.537422,1.38061,1.40672,0.0351326,1.74166,0.000814714,5492.71,5586
7,38,0.528377,1.40421,1.43081,0.0456217,1.73309,0.00108543,5542.43,5685
7,39,0.549399,1.41906,1.44298,0.0371627,1.78763,0.00109557,5630.86,5729
7,40,0.545661,1.39998,1.41883,0.0337564,1.77516,0.000722857,5564.14,5637
7,41,0.546271,1.37918,1.39935,0.031305,1.7611,0.000437714,5501.57,5567
7,42,0.544223,1.36979,1.39383,0.0297631,1.74978,0.000578286,5469.86,5536
7,43,0.542764,1.3557,1.37632,0.0270917,1.73642,0.000307857,5417.71,5469
7,44,0.540412,1.34963,1.36783,0.0285971,1.71408,0.000337571,5379.14,5426
7,45,0.541894,1.36242,1.38395,0.0270597,1.74331,0.000448714,5439.43,5498
7,46,0.53657,1.37516,1.39651,0.030149,1.75053,0.000446286,5473.43,5557
7,47,0.534965,1.34653,1.36511,0.0288794,1.70794,0.000308429,5365.43,5421
7,48,0.541145,1.35725,1.37736,0.0256883,1.7413,0.000328429,5420.71,5472
7,49,0.532643,1.34323,1.36604,0.0298441,1.70409,0.000446286,5356.43,5416
7,50,0.528578,1.34836,1.36791,0.0290341,1.69791,0.000618,5355.71,5441
7,51,0.559715,1.39304,1.40913,0.021596,1.80036,0.000232143,5560.14,5611
7,52,0.526077,1.38598,1.41742,0.047668,1.71062,0.00149257,5489,5647
7,53,0.555722,1.40719,1.43024,0.0281511,1.78833,0.000512714,5594.14,5668
7,54,0.558141,1.40664,1.43061,0.03031,1.79046,0.000563429,5601,5679
7,55,0.552297,1.42314,1.44959,0.0349904,1.79445,0.000653714,5646.57,5743
7,56,0.557426,1.40963,1.43239,0.0284669,1.78482,0.000638714,5600.71,5692
7,57,0.555858,1.39351,1.42136,0.0255726,1.78447,0.000464143,5562.29,5605
7,58,0.571911,1.44528,1.47565,0.0246383,1.86113,0.000400571,5763.57,5837
7,59,0.532419,1.35207,1.37434,0.0294851,1.70746,0.000317571,5379.14,5433
7,60,0.528809,1.33926,1.35869,0.0309491,1.68714,0.000304857,5326.14,5381
7,61,0.565443,1.42068,1.44507,0.0235751,1.82153,0.000268143,5657.86,5725
7,62,0.548331,1.37878,1.40316,0.027479,1.76134,0.000370143,5500,5558
7,63,0.532613,1.3412,1.36383,0.0281429,1.70177,0.000294429,5348.29,5397
7,64,0.535256,1.36035,1.38231,0.0303537,1.72086,0.000342571,5412.29,5475
7,65,0.529409,1.34113,1.36504,0.0303814,1.69538,0.000437,5343,5396
7,66,0.53097,1.33948,1.3649,0.0296163,1.69573,0.000489,5342.14,5389
7,67,0.549838,1.38656,1.411,0.0268696,1.76886,0.000302571,5523.86,5567
7,68,0.546725,1.37851,1.40409,0.0244186,1.75842,0.000382857,5492,5558
7,69,0.549528,1.38881,1.41426,0.0270943,1.76959,0.000354571,5531.86,5606
7,70,0.554762,1.40728,1.42998,0.0277276,1.79227,0.000339429,5596.43,5650
7,71,0.57033,1.43316,1.45956,0.0251491,1.83957,0.000316143,5711,5784
7,72,0.53186,1.34284,1.36547,0.0286516,1.70247,0.000275286,5352,5413
7,73,0.553163,1.40301,1.42043,0.032401,1.77801,0.000384,5569,5613
7,74,0.568335,1.42055,1.44179,0.023912,1.82803,0.000358143,5663.43,5718
7,75,0.532619,1.34716,1.36956,0.0291496,1.70712,0.000388,5367.71,5422
7,76,0.553761,1.39447,1.42237,0.0264964,1.77861,0.000299286,5559.14,5640
7,77,0.531152,1.34134,1.36685,0.0292543,1.69671,0.000373143,5346.71,5398
7,78,0.554495,1.39359,1.41763,0.0255976,1.78357,0.000454143,5557.14,5618
7,79,0.567543,1.41911,1.44098,0.0251541,1.82035,0.000402714,5655.57,5711
7,80,0.532011,1.34492,1.3669,0.0301694,1.70148,0.000309143,5357.14,5415
7,81,0.533577,1.35245,1.37453,0.0296837,1.70896,0.000414571,5381.29,5427
7,82,0.550593,1.39601,1.42352,0.0279171,1.77898,0.000433857,5562.86,5640
7,83,0.552856,1.38668,1.41147,0.0246649,1.77299,0.000220714,5529.57,5579
7,84,0.52937,1.33394,1.35856,0.0292319,1.68606,0.000970286,5320.43,5392
7,85,0.57227,1.43406,1.46088,0.0221236,1.84976,0.000319286,5719.29,5782
7,86,0.567805,1.42621,1.45288,0.022805,1.83532,0.000364,5685.86,5762
7,87,0.57699,1.45674,1.48284,0.0239077,1.8727,0.000328714,5796.57,5868
7,88,0.569823,1.43363,1.45641,0.0221969,1.84299,0.000603857,5705.71,5769
7,89,0.549711,1.38221,1.40638,0.0272831,1.76163,0.000439429,5508.57,5553
7,90,0.530948,1.34041,1.36131,0.0306857,1.69419,0.000244429,5339.14,5396
7,91,0.531137,1.34385,1.36553,0.0301631,1.69693,0.000346286,5349.29,5397
7,92,0.559606,1.40241,1.417,0.0243949,1.79919,0.000396857,5584,5655
7,93,0.534214,1.36117,1.38214,0.0310086,1.71963,0.000477857,5413.29,5467
7,94,0.531473,1.35532,1.36564,0.0327453,1.69829,0.000274857,5366,5419
7,95,0.530387,1.34006,1.36139,0.0287747,1.6947,0.000346429,5336.29,5383
7,96,0.551202,1.38113,1.40544,0.0253334,1.76795,0.000313286,5512.14,5567
7,97,0.544529,1.38081,1.40052,0.0267939,1.75356,0.000366571,5487.43,5540
7,98,0.550931,1.38887,1.41159,0.0274107,1.76801,0.00071,5529.43,5595
7,99,0.555307,1.40934,1.42807,0.0272016,1.80095,0.000477286,5605.14,5690
7,100,0.530326,1.34239,1.36145,0.0294083,1.69726,0.000352286,5342.57,5398
8,0,0.670701,1.6065,1.64076,0.716973,2.1194,0.000289375,7095.88,7172
8,1,0.675524,1.61279,1.64142,0.716563,2.12467,0.000363,7111.88,7163
8,2,0.644749,1.54152,1.5769,0.0235556,2.03022,0.000408,6155.5,6208
8,3,0.595445,1.42993,1.4573,0.0294606,1.84781,0.000470375,5697,5732
8,4,0.620014,1.48706,1.51142,0.0276937,1.93205,0.000544,5916.88,5946
8,5,0.621997,1.49189,1.52005,0.0266584,1.94616,0.000437,5945.38,5971
8,6,0.598437,1.44073,1.466,0.031039,1.86107,0.000352375,5736,5776
8,7,0.622058,1.48487,1.51415,0.0261489,1.93826,0.0003315,5922.88,5951
8,8,0.61656,1.47281,1.50433,0.0274709,1.91723,0.000375375,5875.75,5907
8,9,0.623366,1.49107,1.51896,0.0269402,1.9422,0.000623125,5941.38,5958
8,10,0.596123,1.42601,1.45965,0.0321442,1.84317,0.000378125,5695.75,5731
8,11,0.602177,1.46638,1.48817,0.0331815,1.88783,0.000802125,5820.5,5851
8,12,0.599163,1.44091,1.46422,0.030992,1.85918,0.000327125,5732.88,5768
8,13,0.595458,1.44032,1.46076,0.0310461,1.85653,0.00039625,5722.12,5764
8,14,0.621519,1.48888,1.51535,0.0270946,1.93767,0.000408625,5929.25,5956
8,15,0.617466,1.47501,1.5019,0.028228,1.91427,0.000545125,5875.25,5900
8,16,0.620514,1.48765,1.51525,0.0274665,1.9335,0.000371,5923,5947
8,17,0.623896,1.50023,1.52916,0.0281096,1.95551,0.000393,5976.62,5993
8,18,0.608974,1.47153,1.50126,0.0282971,1.91467,0.0003745,5862.88,5910
8,19,0.617346,1.49082,1.51619,0.0315151,1.93018,0.000673875,5925.62,5954
8,20,0.618421,1.47598,1.50569,0.0277848,1.92386,0.000411875,5889.62,5924
8,21,0.617935,1.47789,1.5052,0.0281621,1.92516,0.00048325,5892.62,5920
8,22,0.617503,1.48414,1.50817,0.0300611,1.93363,0.000485,5915.38,5945
8,23,0.613173,1.47454,1.49934,0.0271195,1.91653,0.00039,5868.62,5910
8,24,0.616437,1.47673,1.50406,0.026414,1.92507,0.000435875,5886.38,5912
8,25,0.605689,1.45207,1.47646,0.0299315,1.88025,0.000534375,5784.75,5819
8,26,0.599284,1.43944,1.46103,0.030259,1.85627,0.00041625,5724.5,5743
8,27,0.599301,1.43854,1.46248,0.0302917,1.8563,0.000436,5724,5739
8,28,0.626412,1.51602,1.54378,0.0308149,1.97401,0.000830625,6033.88,6063
8,29,0.602961,1.44763,1.47253,0.0298434,1.87245,0.0003435,5763.62,5788
8,30,0.59852,1.45362,1.48374,0.0342159,1.86763,0.000513,5779.62,5820
8,31,0.613812,1.48739,1.51931,0.0314921,1.92067,0.000731,5917.25,5963
8,32,0.600444,1.46267,1.4902,0.0366811,1.87402,0.000702,5806.25,5834
8,33,0.599534,1.45465,1.48407,0.0354464,1.86189,0.000522625,5777,5827
8,34,0.621539,1.48918,1.52974,0.0290534,1.94166,0.000512625,5952.62,5977
8,35,0.616971,1.4825,1.50798,0.0278495,1.92472,0.00045325,5898.75,5943
8,36,0.599072,1.44601,1.46857,0.0305088,1.86727,0.000441625,5750.5,5787
8,37,0.621965,1.49042,1.51771,0.0276716,1.93632,0.000422375,5933.5,5960
8,38,0.602595,1.45115,1.4753,0.0301085,1.87189,0.00041875,5770.25,5787
8,39,0.635758,1.52488,1.54963,0.0265508,1.99245,0.000450375,6069.5,6093
8,40,0.605942,1.45614,1.47956,0.0316352,1.87862,0.0004705,5791.12,5821
8,41,0.626493,1.4953,1.52042,0.0254004,1.96213,0.000403,5967.88,5996
8,42,0.614675,1.47604,1.50514,0.0279675,1.91833,0.00054925,5880.12,5921
8,43,0.596246,1.43492,1.46131,0.0300831,1.85546,0.0006745,5716.75,5745
8,44,0.595224,1.43746,1.46145,0.030736,1.85916,0.000595,5723.12,5746
8,45,0.605479,1.46256,1.48843,0.0324303,1.88585,0.000408625,5816.5,5848
8,46,0.599258,1.43815,1.46084,0.0296378,1.85841,0.000404875,5723.25,5741
8,47,0.615471,1.48041,1.50532,0.0285717,1.92761,0.00045225,5897.62,5929
8,48,0.596477,1.43493,1.46124,0.0301746,1.85459,0.000324875,5714.5,5745
8,49,0.617188,1.48047,1.50738,0.0275134,1.92332,0.00061825,5895.62,5923
8,50,0.609456,1.45969,1.48124,0.0310678,1.89228,0.00054675,5814,5841
8,51,0.630173,1.51069,1.53151,0.0255084,1.98209,0.000549,6019.25,6062
8,52,0.596193,1.43134,1.45666,0.0297404,1.85089,0.00049225,5702.88,5740
8,53,0.596607,1.43336,1.45727,0.0300492,1.84602,0.000303625,5701.75,5733
8,54,0.600906,1.44237,1.46889,0.0303921,1.85735,0.0006605,5738.12,5753
8,55,0.598432,1.44147,1.46773,0.0303199,1.86019,0.000427,5737.25,5757
8,56,0.604021,1.46242,1.48721,0.0317402,1.88268,0.000475875,5809.12,5846
8,57,0.616176,1.47467,1.50098,0.0271845,1.92097,0.000433125,5878.25,5914
8,58,0.59508,1.4329,1.45932,0.0310194,1.8468,0.000383875,5702.88,5738
8,59,0.598887,1.43692,1.45888,0.0302784,1.84919,0.00056375,5713.25,5748
8,60,0.600884,1.44484,1.46779,0.0308406,1.86423,0.000434125,5747.12,5763
8,61,0.613435,1.4844,1.50734,0.0308261,1.92021,0.000862375,5896.88,5930
8,62,0.598148,1.44934,1.47507,0.031242,1.86668,0.000459875,5760.5,5804
8,63,0.607949,1.46182,1.48367,0.0285275,1.89383,0.000528125,5814.62,5859
8,64,0.615008,1.47557,1.50098,0.0279057,1.91258,0.0005135,5870.12,5895
8,65,0.618218,1.47648,1.50302,0.0264844,1.92842,0.000487875,5890.5,5915
8,66,0.621181,1.47822,1.50461,0.0288359,1.93735,0.000304625,5908.5,5927
8,67,0.603685,1.45286,1.47787,0.0310875,1.87492,0.000617875,5779.62,5800
8,68,0.627598,1.49978,1.52597,0.0270179,1.96308,0.000369625,5982.5,6010
8,69,0.598511,1.44268,1.46369,0.0311459,1.85593,0.00033925,5729.62,5759
8,70,0.618693,1.47163,1.49757,0.0278449,1.92937,0.00076775,5884.5,5906
8,71,0.613903,1.48433,1.5133,0.0297009,1.92278,0.000531375,5903.62,5932
8,72,0.617188,1.47775,1.50325,0.0268089,1.92273,0.00034575,5885,5909
8,73,0.606283,1.46785,1.48888,0.0350733,1.88679,0.00049875,5826.88,5862
8,74,0.598515,1.43663,1.46162,0.0296724,1.85636,0.000403,5720.12,5749
8,75,0.617685,1.48371,1.51044,0.0279636,1.92924,0.000509125,5907.62,5937
8,76,0.635405,1.51666,1.54574,0.024521,1.98994,0.00034,6049.62,6087
8,77,0.607976,1.45221,1.47595,0.0294824,1.88925,0.000431875,5792,5813
8,78,0.592403,1.43698,1.45819,0.0321081,1.84579,0.000378125,5704.62,5759
8,79,0.602153,1.44842,1.47465,0.0304995,1.87529,0.00061975,5770.62,5794
8,80,0.597752,1.43523,1.45802,0.0302586,1.85153,0.000468125,5711.75,5755
8,81,0.599062,1.43753,1.46139,0.0298202,1.85336,0.00039625,5718.88,5749
8,82,0.617664,1.48164,1.51155,0.0262546,1.92544,0.000348375,5900.12,5926
8,83,0.619355,1.49088,1.52029,0.0292565,1.93598,0.000725625,5935.88,5955
8,84,0.618347,1.49172,1.51748,0.0285388,1.94097,0.0006665,5936.62,5958
8,85,0.628351,1.50513,1.52768,0.0262518,1.97012,0.000386125,5995.88,6015
8,86,0.617649,1.48257,1.50645,0.0276247,1.9257,0.000477375,5898.25,5931
8,87,0.609099,1.45973,1.48324,0.0294657,1.88911,0.000490875,5810.38,5857
8,88,0.601386,1.4458,1.4677,0.030202,1.86447,0.00033375,5748.62,5764
8,89,0.600326,1.43771,1.46167,0.028663,1.86033,0.000349,5726,5745
8,90,0.607049,1.46598,1.49314,0.0325354,1.89852,0.0003575,5838,5860
8,91,0.617707,1.47697,1.50463,0.0254856,1.9214,0.000329875,5883.38,5901
8,92,0.612591,1.4679,1.4993,0.0292705,1.90979,0.000407375,5857.12,5897
8,93,0.608879,1.44942,1.47558,0.0280145,1.88616,0.000344125,5785.62,5817
8,94,0.616767,1.47789,1.5043,0.0267724,1.91956,0.000477,5883.12,5912
8,95,0.614956,1.49263,1.51544,0.0298816,1.93073,0.0003825,5924,5947
8,96,0.601561,1.45456,1.47864,0.0314875,1.87469,0.000489375,5781,5800
8,97,0.598808,1.4451,1.46882,0.0321507,1.85596,0.00042625,5740.88,5768
8,98,0.62051,1.48368,1.50773,0.0269196,1.92911,0.00033525,5905.75,5936
8,99,0.597831,1.43795,1.46383,0.0311638,1.85063,0.000387125,5719.25,5747
8,100,0.615481,1.47102,1.49913,0.0281449,1.91237,0.0004235,5864.38,5900
9,0,0.67458,1.61835,1.654,0.755891,2.19396,0.000577667,7204.67,7396
9,1,0.662725,1.58414,1.61915,0.736821,2.14149,0.000454222,7050.11,7208
9,2,0.63576,1.51452,1.53709,0.026299,2.04175,0.000569333,6060.89,6231
9,3,0.628804,1.50825,1.54126,0.0262886,2.01745,0.000501333,6027.33,6158
9,4,0.629378,1.51284,1.53949,0.0299381,2.01467,0.000445667,6030.89,6134
9,5,0.640067,1.53118,1.55759,0.0272923,2.05731,0.000621,6119.56,6269
9,6,0.634724,1.52608,1.54959,0.0309784,2.03501,0.000566222,6080.33,6186
9,7,0.629575,1.51325,1.54064,0.0264119,2.03015,0.000511,6045.44,6216
9,8,0.648319,1.5489,1.57326,0.025093,2.09731,0.000350778,6196.89,6330
9,9,0.633745,1.51408,1.54758,0.0277067,2.03464,0.000483778,6062.56,6180
9,10,0.615184,1.48582,1.51404,0.0287023,1.98307,0.000676,5933.56,6102
9,11,0.631511,1.51405,1.5445,0.0324624,2.01936,0.000662,6049.89,6209
9,12,0.634949,1.52335,1.55432,0.0305008,2.03458,0.000462889,6083.78,6187
9,13,0.628317,1.50311,1.52963,0.0254542,2.02427,0.000480333,6015.44,6196
9,14,0.630375,1.50859,1.53959,0.027187,2.02388,0.000606111,6034.22,6161
9,15,0.63447,1.52671,1.55652,0.0284786,2.04521,0.000728111,6096.89,6207
9,16,0.61754,1.48818,1.52183,0.0269299,1.99386,0.000742,5954.89,6149
9,17,0.621595,1.49423,1.52317,0.0311609,1.98993,0.000576556,5966.22,6094
9,18,0.63166,1.50898,1.54405,0.0289614,2.0163,0.000681889,6034.67,6142
9,19,0.619551,1.49076,1.51631,0.0278474,1.99912,0.000434,5957.33,6117
9,20,0.631815,1.51543,1.54277,0.0275691,2.03255,0.000941556,6055.22,6188
9,21,0.637048,1.532,1.56186,0.0298892,2.05261,0.000457333,6119.78,6207
9,22,0.631962,1.52077,1.54458,0.0272814,2.04593,0.000947333,6076.22,6241
9,23,0.648083,1.55137,1.57566,0.0275868,2.08206,0.000571778,6191.67,6308
9,24,0.636386,1.51615,1.54611,0.0251604,2.04652,0.000616,6074.78,6218
9,25,0.626925,1.50077,1.52973,0.0269891,2.00372,0.000450222,5992.78,6136
9,26,0.633139,1.52514,1.5552,0.0277393,2.04519,0.000477,6091.22,6202
9,27,0.621147,1.49345,1.52064,0.0294153,1.98953,0.000474778,5960.89,6128
9,28,0.627942,1.51474,1.54636,0.0294433,2.03177,0.000954,6059,6233
9,29,0.64496,1.53234,1.56958,0.0255556,2.07124,0.000639333,6148.67,6259
9,30,0.629284,1.5088,1.54124,0.0308238,2.01736,0.00138111,6034.89,6170
9,31,0.625008,1.49418,1.52267,0.0265973,2.00484,0.000477222,5978.56,6135
9,32,0.629394,1.51022,1.54553,0.0310747,2.01693,0.000666889,6039.56,6152
9,33,0.624732,1.50797,1.53874,0.0282067,2.02076,0.001046,6027.78,6162
9,34,0.636671,1.5161,1.54597,0.0286253,2.04438,0.000430889,6078.33,6229
9,35,0.645318,1.53589,1.56497,0.0260784,2.07555,0.000655111,6152.78,6263
9,36,0.644292,1.53208,1.56532,0.0265844,2.06423,0.000903111,6138.33,6257
9,37,0.624255,1.49895,1.5287,0.0263191,2.00815,0.000417778,5992.22,6152
9,38,0.633467,1.52576,1.55373,0.0320649,2.02617,0.000797111,6079.44,6201
9,39,0.613251,1.48965,1.52428,0.029704,1.9781,0.000613333,5941.67,6088
9,40,0.620576,1.49641,1.52659,0.0278043,2.0016,0.000590889,5978.44,6137
9,41,0.635921,1.51671,1.55222,0.0285647,2.04259,0.000712111,6082.22,6196
9,42,0.634598,1.52202,1.5552,0.0245608,2.04412,0.000668,6085,6214
9,43,0.613656,1.48914,1.5196,0.0327394,1.97519,0.000390111,5937.56,6111
9,44,0.6447,1.53671,1.56671,0.0252099,2.07429,0.000504444,6153.33,6262
9,45,0.636992,1.52105,1.55176,0.026125,2.05929,0.000463444,6099.89,6225
9,46,0.629257,1.51846,1.5503,0.0267433,2.04529,0.000503667,6075.67,6226
9,47,0.627221,1.50789,1.53995,0.0302048,2.00183,0.000472556,6014.33,6157
9,48,0.648013,1.55527,1.5772,0.0407403,2.08025,0.000932222,6210.33,6346
9,49,0.629894,1.51582,1.5455,0.0479051,2.01846,0.001001,6065.56,6200
9,50,0.634322,1.52041,1.54978,0.0278438,2.0468,0.000531,6083.22,6182
9,51,0.608031,1.47934,1.50966,0.0286443,1.9697,0.00064,5901.89,6083
9,52,0.640303,1.53276,1.55638,0.0253911,2.06312,0.000681556,6122.78,6257
9,53,0.640945,1.53485,1.56685,0.0251497,2.07573,0.000708889,6148.22,6254
9,54,0.623354,1.49244,1.53078,0.0308174,2.00074,0.000669556,5985.56,6175
9,55,0.638128,1.52223,1.55392,0.0240358,2.05884,0.000548556,6101.11,6230
9,56,0.637153,1.52063,1.54941,0.0286807,2.04367,0.000790444,6084,6186
9,57,0.621163,1.49429,1.52694,0.0290472,2.00387,0.000507889,5981.33,6144
9,58,0.622808,1.49544,1.525,0.0302933,1.99675,0.000474333,5975.44,6107
9,59,0.627866,1.51894,1.54733,0.0332359,2.00705,0.000644667,6043.56,6158
9,60,0.612533,1.49089,1.5144,0.0303067,1.98126,0.000606667,5936.11,6127
9,61,0.623323,1.49551,1.52804,0.0267683,2.00271,0.000555556,5981,6102
9,62,0.634154,1.51976,1.55154,0.0288924,2.03733,0.000565667,6077.22,6199
9,63,0.616653,1.47869,1.51037,0.02655,1.98185,0.000478111,5918.22,6085
9,64,0.625695,1.49901,1.53124,0.0290816,2.00279,0.000394222,5993.11,6107
9,65,0.626992,1.50428,1.53846,0.0283522,2.01068,0.000490333,6015.33,6167
9,66,0.621075,1.49191,1.51991,0.0262181,2.00604,0.000693333,5970.22,6129
9,67,0.627333,1.5094,1.54525,0.0307187,2.0153,0.000693,6035.11,6124
9,68,0.64031,1.52377,1.55481,0.0257229,2.05923,0.000452222,6108,6232
9,69,0.625686,1.50074,1.5276,0.028861,2.0027,0.000783333,5991.56,6154
9,70,0.64035,1.538,1.56831,0.0296459,2.05475,0.000661222,6138.67,6258
9,71,0.630918,1.50615,1.54212,0.0273097,2.02427,0.000635111,6036.22,6185
9,72,0.634068,1.51831,1.54573,0.0268186,2.04259,0.000420333,6072.44,6226
9,73,0.636508,1.51921,1.54713,0.0283834,2.03365,0.000622667,6069,6176
9,74,0.630275,1.52251,1.55599,0.0263101,2.03156,0.00064,6071.89,6199
9,75,0.616224,1.4845,1.52089,0.0317352,1.97239,0.000403111,5931.89,6101
9,76,0.638035,1.52437,1.55788,0.0274723,2.04258,0.000421889,6095.67,6205
9,77,0.630906,1.50966,1.542,0.027436,2.02466,0.000716111,6039.56,6174
9,78,0.628705,1.51161,1.54481,0.0260486,2.03002,0.000551444,6046,6196
9,79,0.627098,1.49997,1.53432,0.0280143,2.00724,0.000491778,6000.33,6115
9,80,0.629335,1.51111,1.54453,0.0266787,2.02584,0.000584,6042.44,6175
9,81,0.615292,1.48332,1.51486,0.0301799,1.97079,0.000464556,5923.33,6098
9,82,0.62752,1.51202,1.53879,0.0300963,2.01689,0.000483667,6029.89,6127
9,83,0.622886,1.49405,1.52233,0.028261,1.99015,0.000654667,5963,6098
9,84,0.633718,1.51085,1.54171,0.0248568,2.04456,0.000651333,6060,6203
9,85,0.640967,1.53274,1.56075,0.0273322,2.05599,0.000472778,6123.11,6221
9,86,0.61715,1.48971,1.52735,0.0290101,1.98195,0.000533444,5953.11,6111
9,87,0.625473,1.49397,1.52094,0.0293114,1.99788,0.000816111,5975.56,6158
9,88,0.646393,1.53309,1.56849,0.025565,2.0631,0.000541222,6142.22,6244
9,89,0.622941,1.49534,1.52901,0.0293532,2.01362,0.001022,5995.89,6137
9,90,0.624085,1.49844,1.52789,0.0275174,2.00419,0.000656,5987.56,6129
9,91,0.633822,1.52202,1.55311,0.0275442,2.04384,0.000488,6084.89,6191
9,92,0.622619,1.48969,1.52778,0.0288431,1.99274,0.000641556,5968.33,6110
9,93,0.625411,1.49961,1.52957,0.0270733,2.00962,0.000508444,5995.89,6130
9,94,0.640512,1.51891,1.54891,0.0268146,2.0458,0.000657778,6085.89,6191
9,95,0.623803,1.5296,1.53472,0.0347493,2.00495,0.000875222,6037,6191
9,96,0.625213,1.51728,1.55286,0.0370682,2.00261,0.000820667,6044.44,6185
9,97,0.644101,1.55439,1.58153,0.0332167,2.06245,0.000881,6186.22,6288
9,98,0.613232,1.47921,1.51238,0.029842,1.97095,0.000675,5912.89,6087
9,99,0.640782,1.5229,1.55252,0.0252477,2.05588,0.000373667,6101.67,6230
9,100,0.628942,1.50323,1.53703,0.0271623,2.01414,0.000453111,6015,6115
10,0,0.756496,1.75006,1.79662,0.806045,2.34438,0.0008317,7733.2,7859
10,1,0.747859,1.7157,1.76259,0.784353,2.33384,0.0007745,7623.4,7730
10,2,0.685795,1.58622,1.621,0.0359429,2.1147,0.0005232,6323,6397
10,3,0.687254,1.5891,1.61286,0.0330642,2.12233,0.000974,6321.3,6396
10,4,0.704328,1.63277,1.66896,0.0345641,2.17949,0.0008559,6496.7,6572
10,5,0.690874,1.60329,1.63214,0.0369834,2.13934,0.0007971,6379.7,6432
10,6,0.709984,1.65011,1.67559,0.0342653,2.21002,0.0004788,6558.1,6686
10,7,0.694914,1.60286,1.63419,0.0346669,2.12967,0.0005434,6373.1,6403
10,8,0.71492,1.65134,1.68167,0.0293719,2.23916,0.0004027,6592.9,6689
10,9,0.709775,1.64516,1.67158,0.0349016,2.19855,0.0008964,6537.6,6577
10,10,0.677952,1.57743,1.60491,0.0370851,2.08556,0.0010696,6260.5,6373
10,11,0.683639,1.59695,1.61817,0.0419829,2.12774,0.0010121,6349.5,6447
10,12,0.692331,1.60227,1.63994,0.0354798,2.13668,0.0007324,6383.9,6485
10,13,0.693188,1.60033,1.63489,0.0375393,2.1311,0.0009956,6373.8,6404
10,14,0.691974,1.59535,1.62833,0.0317286,2.13196,0.0006637,6356.3,6462
10,15,0.714743,1.647,1.67907,0.033509,2.21949,0.0006523,6570.5,6598
10,16,0.682473,1.58317,1.61745,0.034785,2.09561,0.0005393,6291.6,6396
10,17,0.688744,1.60342,1.63406,0.0380927,2.13168,0.0009085,6375.3,6441
10,18,0.687641,1.59117,1.61847,0.0337977,2.12407,0.0011571,6331.9,6435
10,19,0.702913,1.63083,1.66505,0.0359447,2.17947,0.0007217,6490.3,6513
10,20,0.680168,1.57863,1.60986,0.0351608,2.09339,0.0008917,6273.8,6364
10,21,0.70043,1.62499,1.6529,0.0364149,2.15396,0.0014234,6448,6501
10,22,0.681401,1.60007,1.631,0.0367009,2.12124,0.0009306,6350.7,6486
10,23,0.715969,1.64289,1.67598,0.0316573,2.21192,0.0006054,6556.6,6601
10,24,0.688771,1.59759,1.63706,0.0351892,2.13416,0.0008278,6369.6,6471
10,25,0.705965,1.63614,1.66563,0.0321027,2.1835,0.0009097,6500.4,6519
10,26,0.692316,1.59687,1.63877,0.0331373,2.13361,0.0007435,6371.4,6462
10,27,0.691047,1.62019,1.64571,0.03965,2.1476,0.0018051,6423.7,6504
10,28,0.700238,1.63724,1.66815,0.0341302,2.17798,0.0013141,6498.1,6618
10,29,0.708124,1.6587,1.68807,0.0374377,2.20589,0.0007563,6579,6635
10,30,0.70403,1.6489,1.67834,0.0415012,2.18636,0.0011845,6543.1,6649
10,31,0.699573,1.63212,1.66035,0.0377691,2.15935,0.0012837,6472.4,6552
10,32,0.648623,1.55922,1.59411,0.0534916,2.01261,0.0013717,6152.2,6349
10,33,0.681949,1.5898,1.62023,0.0315786,2.12174,0.0007841,6321,6343
10,34,0.682567,1.5717,1.60163,0.0305967,2.1015,0.0007009,6263.1,6329
10,35,0.69243,1.59065,1.61902,0.0267875,2.13877,0.0004057,6341.4,6358
10,36,0.668017,1.58337,1.60842,0.0485093,2.08367,0.0010748,6276.6,6422
10,37,0.683834,1.6129,1.65229,0.0477029,2.11383,0.0012807,6396.2,6493
10,38,0.67042,1.58118,1.61502,0.0380449,2.08278,0.0014506,6268.8,6381
10,39,0.685056,1.57804,1.61345,0.0366042,2.09157,0.0011553,6283.4,6327
10,40,0.675506,1.56132,1.59126,0.0326551,2.08147,0.0008355,6218.6,6283
10,41,0.683028,1.60707,1.64392,0.0410919,2.12823,0.0008908,6385.2,6449
10,42,0.679418,1.61765,1.64837,0.0416943,2.11912,0.0018466,6390.4,6454
10,43,0.684251,1.61574,1.64361,0.0451552,2.12544,0.0017092,6398.1,6497
10,44,0.682335,1.63188,1.67023,0.0551022,2.12993,0.0018222,6458.9,6569
10,45,0.660856,1.58005,1.61273,0.0541281,2.06864,0.0015926,6263.9,6449
10,46,0.690125,1.62489,1.66239,0.0451009,2.14472,0.0009553,6449.5,6466
10,47,0.672639,1.58735,1.62039,0.0466994,2.08031,0.0014802,6291.7,6435
10,48,0.646017,1.60375,1.65143,0.0681142,2.05261,0.0027966,6318.9,6433
10,49,0.63551,1.56189,1.59213,0.0681274,1.99049,0.001323,6142.3,6448
10,50,0.66143,1.61194,1.64549,0.063032,2.05158,0.002207,6325.9,6416
10,51,0.622547,1.53033,1.57505,0.0661905,1.94645,0.0036683,6039.8,6390
10,52,0.689462,1.62802,1.66397,0.0465539,2.14871,0.001171,6461.1,6484
10,53,0.670921,1.6002,1.62757,0.0469985,2.09214,0.0015906,6325.2,6484
10,54,0.693665,1.62762,1.66253,0.0433515,2.15129,0.0012586,6460.6,6472
10,55,0.666377,1.59289,1.61702,0.0525954,2.07083,0.0017327,6288.2,6490
10,56,0.668096,1.61347,1.64043,0.0641492,2.0877,0.0022141,6368.3,6501
10,57,0.664972,1.59315,1.60625,0.0488484,2.06338,0.002917,6265,6436
10,58,0.676867,1.64113,1.67419,0.0671554,2.10486,0.0025969,6458.1,6557
10,59,0.672341,1.61791,1.65497,0.0610243,2.10257,0.0025798,6401.7,6637
10,60,0.679857,1.61486,1.64447,0.0542966,2.10177,0.001629,6383.2,6432
10,61,0.666357,1.57874,1.61757,0.0508425,2.06517,0.0008919,6260.6,6410
10,62,0.687118,1.62731,1.65727,0.0489935,2.14348,0.0015141,6449.8,6485
10,63,0.668885,1.59711,1.63381,0.0522831,2.08837,0.0019196,6327.8,6522
10,64,0.667904,1.61493,1.65554,0.0620671,2.07007,0.0023638,6363.3,6463
10,65,0.655996,1.57813,1.60561,0.056961,2.03798,0.0013859,6221.8,6413
10,66,0.690674,1.60764,1.63997,0.040352,2.12031,0.0011039,6379,6393
10,67,0.653024,1.57287,1.60386,0.0507735,2.04846,0.0015743,6213.9,6364
10,68,0.698808,1.64616,1.67465,0.0458086,2.18263,0.0011135,6533,6567
10,69,0.665642,1.5827,1.62057,0.0492131,2.07135,0.0013056,6273.7,6436
10,70,0.694711,1.62128,1.66703,0.0399279,2.16201,0.0014148,6467.1,6514
10,71,0.698435,1.63469,1.65943,0.0406237,2.17119,0.000941,6486.4,6629
10,72,0.671886,1.6111,1.65098,0.0522088,2.10423,0.0018011,6377.1,6428
10,73,0.67858,1.59849,1.63239,0.048984,2.0874,0.0016976,6330.9,6465
10,74,0.598568,1.57325,1.6167,0.0971483,1.91409,0.0051262,6114.4,6324
10,75,0.672999,1.60746,1.64062,0.0523315,2.08993,0.0017141,6352.4,6563
10,76,0.653123,1.61277,1.65803,0.0755704,2.04632,0.0025275,6343.4,6419
10,77,0.671789,1.6278,1.62305,0.0495289,2.08773,0.0008121,6344,6576
10,78,0.689648,1.61633,1.63646,0.0442448,2.13499,0.0008802,6404.6,6451
10,79,0.681178,1.60509,1.6374,0.0431762,2.12192,0.0010138,6370.1,6496
10,80,0.707275,1.64786,1.67761,0.0432896,2.18812,0.0013758,6550.2,6591
10,81,0.678372,1.60249,1.63346,0.0532302,2.09674,0.0013011,6351.4,6534
10,82,0.661906,1.54458,1.58375,0.0384294,2.05799,0.00121,6165.8,6225
10,83,0.689988,1.57624,1.60689,0.0296276,2.1169,0.0011992,6296.1,6453
10,84,0.684785,1.61909,1.65452,0.0468558,2.12834,0.0012921,6419.7,6521
10,85,0.678008,1.55229,1.57814,0.0229009,2.08948,0.0004214,6191.6,6253
10,86,0.679395,1.5497,1.57727,0.0225899,2.0837,0.0003398,6182.8,6214
10,87,0.673862,1.54496,1.57076,0.0256333,2.06819,0.0004218,6154.1,6220
10,88,0.673543,1.55655,1.58602,0.0288068,2.07749,0.0006688,6194.9,6209
10,89,0.675597,1.54118,1.57069,0.0214853,2.07802,0.0002035,6156.2,6219
10,90,0.682832,1.54905,1.57754,0.0187906,2.11255,0.0001,6207.6,6243
10,91,0.682494,1.54741,1.57187,0.0179316,2.10315,0.0001905,6190.2,6269
10,92,0.672378,1.52639,1.55316,0.0183817,2.06298,0.0001118,6099.9,6151
10,93,0.664099,1.5133,1.53843,0.02007,2.03513,0.0001031,6037.8,6108
10,94,0.677454,1.53896,1.56722,0.0178914,2.08414,0.000234,6152.7,6193
10,95,0.695902,1.5764,1.60109,0.0154129,2.15859,0.0001014,6314.9,6393
10,96,0.674708,1.53375,1.55852,0.0182177,2.0731,0.000198,6125,6167
10,97,0.667195,1.52319,1.55005,0.0201765,2.04852,0.0001062,6076.2,6140
10,98,0.682762,1.5502,1.57589,0.0170683,2.10984,0.0001183,6202.6,6247
10,99,0.665467,1.51418,1.54429,0.0201216,2.044,9.75e-05,6055.5,6116
10,100,0.679423,1.54453,1.57188,0.0184448,2.0959,0.0001614,6177,6226
